Store,DayOfWeek,Promo,SchoolHoliday,CompetitionDistance,CompetitionOpenSinceMonth,CompetitionOpenSinceYear,Promo2,Promo2SinceWeek,Promo2SinceYear,Year,Month,Day,WeekOfYear,IsWeekend,IsPromo,StoreType_b,StoreType_c,StoreType_d,Assortment_b,Assortment_c,StateHoliday_0,StateHoliday_a,StateHoliday_b,StateHoliday_c
785,1,1,0,970.0,7.0,2005.0,1,31.0,2013.0,2015,5,19,21,0,1,0,0,1,0,1,1,0,0,0
680,1,0,0,170.0,0.0,0.0,1,35.0,2012.0,2015,6,23,26,0,0,0,1,0,0,0,1,0,0,0
574,0,0,0,4400.0,0.0,0.0,0,0.0,0.0,2015,7,6,28,0,0,0,0,1,0,0,1,0,0,0
988,1,1,0,30.0,11.0,2012.0,0,0.0,0.0,2015,4,28,18,0,1,0,0,0,0,0,1,0,0,0
639,3,0,1,7780.0,11.0,2006.0,0,0.0,0.0,2015,7,23,30,0,0,0,0,0,0,0,1,0,0,0
503,1,1,1,13080.0,9.0,2006.0,1,14.0,2011.0,2015,7,28,31,0,1,0,0,1,0,1,1,0,0,0
679,5,0,0,4140.0,9.0,2012.0,0,0.0,0.0,2015,2,21,8,1,0,0,0,0,0,0,1,0,0,0
912,5,0,0,3100.0,5.0,2010.0,0,0.0,0.0,2015,5,16,20,1,0,0,1,0,0,1,1,0,0,0
276,1,1,0,2960.0,10.0,2014.0,1,36.0,2013.0,2015,6,30,27,0,1,0,0,0,0,0,1,0,0,0
913,3,0,0,280.0,0.0,0.0,0,0.0,0.0,2015,2,12,7,0,0,0,0,0,0,0,1,0,0,0
842,4,1,0,1200.0,11.0,2007.0,0,0.0,0.0,2015,1,9,2,0,1,0,0,1,0,1,1,0,0,0
267,1,1,1,2460.0,1.0,2012.0,0,0.0,0.0,2015,7,28,31,0,1,0,1,0,0,0,1,0,0,0
964,5,0,0,270.0,0.0,0.0,1,5.0,2013.0,2015,7,4,27,1,0,0,0,0,0,0,1,0,0,0
558,0,1,0,3000.0,2.0,2010.0,0,0.0,0.0,2015,5,4,19,0,1,0,0,0,0,0,1,0,0,0
215,1,0,1,150.0,0.0,0.0,1,45.0,2009.0,2015,5,26,22,0,0,0,0,1,0,0,1,0,0,0
192,1,1,1,2770.0,3.0,2008.0,1,40.0,2014.0,2015,3,31,14,0,1,0,0,1,0,1,1,0,0,0
188,1,1,0,850.0,0.0,0.0,1,18.0,2011.0,2015,4,14,16,0,1,0,0,1,0,0,1,0,0,0
509,2,0,0,4740.0,7.0,2008.0,1,37.0,2009.0,2015,5,13,20,0,0,0,0,0,0,0,1,0,0,0
467,2,0,1,20390.0,4.0,2008.0,0,0.0,0.0,2015,7,22,30,0,0,0,0,0,0,1,1,0,0,0
446,1,1,0,340.0,10.0,2000.0,1,31.0,2013.0,2015,5,5,19,0,1,0,0,0,0,0,1,0,0,0
441,5,0,0,2530.0,0.0,0.0,0,0.0,0.0,2015,3,21,12,1,0,0,0,1,0,0,1,0,0,0
311,5,0,1,680.0,7.0,2005.0,0,0.0,0.0,2015,4,4,14,1,0,0,0,0,0,1,1,0,0,0
420,3,0,0,250.0,0.0,0.0,1,27.0,2012.0,2015,4,23,17,0,0,0,0,1,0,1,1,0,0,0
836,3,1,1,2720.0,9.0,2012.0,0,0.0,0.0,2015,7,16,29,0,1,0,0,0,0,0,1,0,0,0
507,3,1,0,9070.0,4.0,2011.0,1,37.0,2009.0,2015,4,30,18,0,1,0,0,0,0,1,1,0,0,0
427,2,0,0,70.0,7.0,2005.0,1,13.0,2010.0,2015,6,24,26,0,0,0,0,0,0,1,1,0,0,0
65,3,0,0,13840.0,5.0,2010.0,1,1.0,2012.0,2015,6,25,26,0,0,0,0,0,0,1,1,0,0,0
836,2,1,0,2720.0,9.0,2012.0,0,0.0,0.0,2015,5,6,19,0,1,0,0,0,0,0,1,0,0,0
488,2,0,1,2890.0,4.0,2014.0,0,0.0,0.0,2015,7,22,30,0,0,0,0,0,0,1,1,0,0,0
1024,5,0,0,1990.0,1.0,2012.0,0,0.0,0.0,2015,4,25,17,1,0,0,1,0,0,1,1,0,0,0
934,3,1,1,5460.0,0.0,0.0,1,14.0,2011.0,2015,4,2,14,0,1,0,0,0,0,1,1,0,0,0
115,5,0,0,5740.0,4.0,2007.0,1,40.0,2014.0,2015,1,3,1,1,0,0,0,1,0,1,1,0,0,0
638,0,1,0,10170.0,11.0,2001.0,0,0.0,0.0,2015,6,29,27,0,1,0,0,1,0,0,1,0,0,0
451,4,1,0,2460.0,4.0,2009.0,1,13.0,2010.0,2015,6,5,23,0,1,0,0,0,0,0,1,0,0,0
80,5,0,0,7910.0,0.0,0.0,0,0.0,0.0,2015,2,14,7,1,0,0,0,1,0,0,1,0,0,0
709,4,0,0,500.0,12.0,2010.0,0,0.0,0.0,2015,3,13,11,0,0,0,0,0,0,0,1,0,0,0
605,2,1,0,10310.0,4.0,2003.0,1,37.0,2009.0,2015,2,4,6,0,1,0,0,1,0,0,1,0,0,0
161,1,1,1,2970.0,3.0,2005.0,0,0.0,0.0,2015,3,31,14,0,1,0,0,0,0,1,1,0,0,0
723,0,1,0,5650.0,9.0,2008.0,1,5.0,2013.0,2015,2,2,6,0,1,0,0,1,0,1,1,0,0,0
755,1,1,0,13130.0,12.0,2003.0,0,0.0,0.0,2015,2,17,8,0,1,0,0,1,0,1,1,0,0,0
586,5,0,0,250.0,10.0,2008.0,0,0.0,0.0,2015,7,25,30,1,0,0,0,0,0,1,1,0,0,0
1081,5,0,0,400.0,3.0,2006.0,0,0.0,0.0,2015,2,21,8,1,0,1,0,0,0,0,1,0,0,0
87,3,0,1,560.0,12.0,2010.0,0,0.0,0.0,2015,7,23,30,0,0,0,0,0,0,0,1,0,0,0
557,4,0,1,250.0,0.0,0.0,0,0.0,0.0,2015,1,2,1,0,0,0,0,0,0,0,1,0,0,0
487,4,0,0,2180.0,9.0,2012.0,1,40.0,2012.0,2015,2,27,9,0,0,0,0,1,0,1,1,0,0,0
978,1,1,1,3890.0,0.0,0.0,0,0.0,0.0,2015,7,28,31,0,1,0,1,0,0,1,1,0,0,0
127,3,1,0,1350.0,12.0,2005.0,1,13.0,2010.0,2015,3,5,10,0,1,0,0,1,0,0,1,0,0,0
320,3,0,0,210.0,9.0,2012.0,0,0.0,0.0,2015,2,26,9,0,0,0,0,0,0,1,1,0,0,0
393,5,0,0,4820.0,3.0,2008.0,0,0.0,0.0,2015,2,14,7,1,0,0,0,1,0,1,1,0,0,0
1007,1,1,0,4180.0,9.0,2012.0,0,0.0,0.0,2015,3,3,10,0,1,0,1,0,0,1,1,0,0,0
372,0,0,1,4880.0,8.0,2010.0,1,18.0,2014.0,2015,7,6,28,0,0,0,0,1,0,1,1,0,0,0
574,1,0,0,4400.0,0.0,0.0,0,0.0,0.0,2015,7,21,30,0,0,0,0,1,0,0,1,0,0,0
354,4,1,0,1500.0,10.0,2005.0,0,0.0,0.0,2015,4,17,16,0,1,0,0,1,0,1,1,0,0,0
1011,4,1,0,490.0,9.0,2012.0,1,18.0,2011.0,2015,3,20,12,0,1,0,0,0,0,1,1,0,0,0
825,5,0,0,380.0,5.0,2011.0,1,40.0,2014.0,2015,5,30,22,1,0,0,0,0,0,0,1,0,0,0
817,0,1,1,140.0,3.0,2006.0,0,0.0,0.0,2015,7,27,31,0,1,0,0,0,0,0,1,0,0,0
158,1,0,0,11840.0,0.0,0.0,1,31.0,2009.0,2015,2,24,9,0,0,0,0,1,0,1,1,0,0,0
416,0,1,0,4650.0,6.0,2014.0,0,0.0,0.0,2015,6,29,27,0,1,0,0,0,0,1,1,0,0,0
606,3,1,1,2260.0,11.0,2007.0,0,0.0,0.0,2015,4,2,14,0,1,0,0,0,0,0,1,0,0,0
432,5,0,0,810.0,5.0,2013.0,0,0.0,0.0,2015,2,7,6,1,0,0,0,0,0,0,1,0,0,0
678,5,0,0,3250.0,0.0,0.0,1,40.0,2011.0,2015,5,23,21,1,0,0,1,0,0,0,1,0,0,0
720,0,0,0,15320.0,3.0,2011.0,1,14.0,2013.0,2015,2,23,9,0,0,0,0,0,0,1,1,0,0,0
566,4,1,0,3620.0,0.0,0.0,1,40.0,2013.0,2015,6,19,25,0,1,0,0,0,0,0,1,0,0,0
376,3,1,1,160.0,8.0,2012.0,0,0.0,0.0,2015,7,30,31,0,1,0,0,0,0,0,1,0,0,0
566,1,0,0,3620.0,0.0,0.0,1,40.0,2013.0,2015,4,21,17,0,0,0,0,0,0,0,1,0,0,0
1036,5,0,0,9560.0,0.0,0.0,1,36.0,2013.0,2015,4,4,14,1,0,0,0,1,0,1,1,0,0,0
672,1,1,0,240.0,9.0,2002.0,0,0.0,0.0,2015,2,3,6,0,1,0,1,0,0,0,1,0,0,0
850,1,0,0,1120.0,5.0,2007.0,1,31.0,2013.0,2015,1,20,4,0,0,0,0,1,0,0,1,0,0,0
423,6,0,0,1270.0,5.0,2014.0,0,0.0,0.0,2015,4,26,17,1,0,1,0,0,0,0,1,0,0,0
1089,3,1,1,5220.0,5.0,2009.0,0,0.0,0.0,2015,7,2,27,0,1,0,0,1,0,0,1,0,0,0
636,0,1,0,720.0,10.0,2004.0,1,13.0,2010.0,2015,7,13,29,0,1,0,1,0,0,0,1,0,0,0
91,5,0,0,2410.0,0.0,0.0,1,35.0,2011.0,2015,1,17,3,1,0,0,1,0,0,0,1,0,0,0
337,5,0,0,10600.0,7.0,2005.0,1,45.0,2014.0,2015,2,21,8,1,0,0,0,1,0,1,1,0,0,0
286,5,0,0,1460.0,4.0,2015.0,0,0.0,0.0,2015,1,3,1,1,0,0,0,0,0,0,1,0,0,0
224,0,1,1,7930.0,0.0,0.0,1,1.0,2013.0,2015,1,5,2,0,1,0,0,1,0,1,1,0,0,0
1073,1,1,0,1710.0,0.0,0.0,1,44.0,2012.0,2015,6,2,23,0,1,0,0,0,0,1,1,0,0,0
575,3,0,0,960.0,5.0,2008.0,1,13.0,2010.0,2015,7,23,30,0,0,0,0,0,0,0,1,0,0,0
355,1,0,0,9720.0,8.0,2013.0,0,0.0,0.0,2015,3,10,11,0,0,0,0,0,0,1,1,0,0,0
44,5,0,0,540.0,6.0,2011.0,0,0.0,0.0,2015,1,31,5,1,0,0,0,0,0,0,1,0,0,0
364,5,0,0,13620.0,0.0,0.0,1,10.0,2014.0,2015,5,23,21,1,0,0,0,0,0,1,1,0,0,0
815,4,0,1,590.0,1.0,1900.0,1,40.0,2014.0,2015,1,2,1,0,0,0,0,0,0,0,1,0,0,0
459,0,0,0,250.0,9.0,2008.0,1,5.0,2013.0,2015,7,6,28,0,0,0,0,0,0,0,1,0,0,0
45,2,1,1,9710.0,2.0,2014.0,0,0.0,0.0,2015,7,29,31,0,1,0,0,1,0,0,1,0,0,0
644,3,1,0,4030.0,12.0,2004.0,1,14.0,2011.0,2015,6,18,25,0,1,0,1,0,0,0,1,0,0,0
350,3,0,0,8880.0,0.0,0.0,1,14.0,2011.0,2015,7,9,28,0,0,0,0,1,0,0,1,0,0,0
683,4,1,0,2850.0,7.0,2014.0,0,0.0,0.0,2015,5,8,19,0,1,0,0,0,0,0,1,0,0,0
639,3,0,0,7780.0,11.0,2006.0,0,0.0,0.0,2015,4,23,17,0,0,0,0,0,0,0,1,0,0,0
453,4,0,0,75860.0,0.0,0.0,0,0.0,0.0,2015,4,24,17,0,0,0,0,0,0,1,1,0,0,0
290,4,0,0,4150.0,5.0,2001.0,0,0.0,0.0,2015,3,13,11,0,0,0,0,0,0,0,1,0,0,0
834,3,1,0,3470.0,3.0,2012.0,0,0.0,0.0,2015,3,19,12,0,1,0,0,0,0,0,1,0,0,0
132,1,0,1,1040.0,0.0,0.0,1,27.0,2012.0,2015,4,7,15,0,0,0,0,1,0,1,1,0,0,0
129,1,0,1,2460.0,0.0,0.0,1,14.0,2011.0,2015,4,7,15,0,0,0,0,0,0,0,1,0,0,0
953,1,1,0,19830.0,4.0,2006.0,1,22.0,2011.0,2015,4,28,18,0,1,0,0,0,0,0,1,0,0,0
122,1,1,0,58260.0,4.0,2013.0,0,0.0,0.0,2015,1,27,5,0,1,0,0,0,0,1,1,0,0,0
24,3,1,0,4590.0,3.0,2000.0,1,40.0,2011.0,2015,5,7,19,0,1,0,0,0,0,1,1,0,0,0
247,0,1,1,70.0,11.0,2010.0,1,5.0,2013.0,2015,1,5,2,0,1,0,0,1,0,1,1,0,0,0
563,3,0,1,700.0,3.0,2015.0,1,10.0,2014.0,2015,7,9,28,0,0,0,0,0,0,0,1,0,0,0
837,4,1,0,14600.0,4.0,2015.0,0,0.0,0.0,2015,5,8,19,0,1,0,0,0,0,1,1,0,0,0
675,1,1,0,2100.0,8.0,2013.0,1,14.0,2011.0,2015,6,2,23,0,1,0,0,0,0,0,1,0,0,0
26,4,0,0,2300.0,0.0,0.0,0,0.0,0.0,2015,2,13,7,0,0,0,0,1,0,0,1,0,0,0
270,3,1,0,1450.0,7.0,2014.0,0,0.0,0.0,2015,1,15,3,0,1,0,0,0,0,0,1,0,0,0
65,4,0,0,13840.0,5.0,2010.0,1,1.0,2012.0,2015,3,13,11,0,0,0,0,0,0,1,1,0,0,0
79,2,0,0,3320.0,0.0,0.0,0,0.0,0.0,2015,2,25,9,0,0,0,0,0,0,0,1,0,0,0
470,0,1,0,50.0,0.0,0.0,0,0.0,0.0,2015,2,2,6,0,1,0,0,0,0,1,1,0,0,0
242,4,1,0,6880.0,9.0,2001.0,1,14.0,2011.0,2015,7,3,27,0,1,0,0,1,0,0,1,0,0,0
953,1,0,0,19830.0,4.0,2006.0,1,22.0,2011.0,2015,7,7,28,0,0,0,0,0,0,0,1,0,0,0
1102,4,1,0,850.0,11.0,2012.0,1,40.0,2014.0,2015,5,22,21,0,1,0,0,0,0,0,1,0,0,0
989,4,1,0,1640.0,6.0,2006.0,1,40.0,2011.0,2015,7,3,27,0,1,0,0,0,0,0,1,0,0,0
558,5,0,0,3000.0,2.0,2010.0,0,0.0,0.0,2015,5,9,19,1,0,0,0,0,0,0,1,0,0,0
1038,3,0,0,17290.0,10.0,2013.0,0,0.0,0.0,2015,2,26,9,0,0,0,0,1,0,0,1,0,0,0
590,4,1,0,4520.0,9.0,2010.0,1,31.0,2013.0,2015,3,20,12,0,1,0,0,1,0,1,1,0,0,0
274,6,0,0,3640.0,0.0,0.0,1,10.0,2013.0,2015,7,5,27,1,0,1,0,0,1,0,1,0,0,0
387,4,1,0,210.0,0.0,0.0,1,36.0,2013.0,2015,1,16,3,0,1,0,1,0,0,0,1,0,0,0
533,5,0,0,5950.0,0.0,0.0,0,0.0,0.0,2015,1,17,3,1,0,0,0,0,0,1,1,0,0,0
404,2,1,0,1420.0,0.0,0.0,1,10.0,2013.0,2015,3,4,10,0,1,0,0,0,0,1,1,0,0,0
77,1,0,0,1090.0,8.0,2009.0,1,10.0,2014.0,2015,7,21,30,0,0,0,0,1,0,1,1,0,0,0
478,5,0,0,1940.0,3.0,2012.0,0,0.0,0.0,2015,3,21,12,1,0,0,0,1,0,1,1,0,0,0
370,1,0,0,8250.0,10.0,2000.0,1,31.0,2009.0,2015,6,9,24,0,0,0,0,1,0,0,1,0,0,0
216,4,0,0,190.0,0.0,0.0,1,45.0,2009.0,2015,2,27,9,0,0,0,1,0,0,0,1,0,0,0
947,4,0,0,460.0,3.0,2014.0,1,13.0,2010.0,2015,5,15,20,0,0,0,0,0,0,0,1,0,0,0
452,0,1,0,1850.0,8.0,2013.0,1,5.0,2011.0,2015,3,16,12,0,1,0,0,0,0,1,1,0,0,0
1053,2,1,0,1710.0,7.0,2015.0,0,0.0,0.0,2015,7,15,29,0,1,0,0,0,0,0,1,0,0,0
148,0,1,0,2090.0,12.0,2008.0,0,0.0,0.0,2015,1,26,5,0,1,0,0,0,0,0,1,0,0,0
926,1,0,1,5150.0,3.0,2011.0,1,13.0,2010.0,2015,4,7,15,0,0,0,0,1,0,1,1,0,0,0
288,5,0,0,800.0,0.0,0.0,1,14.0,2011.0,2015,4,11,15,1,0,0,0,1,0,0,1,0,0,0
543,4,0,0,1080.0,12.0,2012.0,0,0.0,0.0,2015,5,15,20,0,0,0,1,0,0,0,1,0,0,0
888,1,1,0,4450.0,6.0,2012.0,1,35.0,2012.0,2015,1,27,5,0,1,0,0,1,0,0,1,0,0,0
924,0,1,0,6420.0,4.0,2011.0,1,1.0,2012.0,2015,2,2,6,0,1,0,0,0,0,0,1,0,0,0
1087,4,1,0,2210.0,11.0,2011.0,0,0.0,0.0,2015,7,17,29,0,1,0,0,1,0,1,1,0,0,0
624,4,1,0,6920.0,9.0,2011.0,0,0.0,0.0,2015,1,30,5,0,1,0,0,0,0,1,1,0,0,0
1045,0,1,0,26990.0,12.0,2013.0,0,0.0,0.0,2015,6,1,23,0,1,0,0,0,0,1,1,0,0,0
604,5,0,0,10950.0,3.0,2014.0,0,0.0,0.0,2015,1,24,4,1,0,0,0,1,0,0,1,0,0,0
183,3,0,0,9670.0,0.0,0.0,0,0.0,0.0,2015,4,23,17,0,0,0,0,0,0,0,1,0,0,0
1040,4,1,1,4030.0,2.0,2013.0,1,10.0,2014.0,2015,7,31,31,0,1,0,0,0,0,0,1,0,0,0
608,4,0,1,18370.0,2.0,2013.0,1,14.0,2011.0,2015,2,13,7,0,0,0,0,0,0,1,1,0,0,0
569,4,0,0,1340.0,9.0,2006.0,0,0.0,0.0,2015,7,10,28,0,0,0,0,0,0,0,1,0,0,0
197,3,1,0,4210.0,3.0,2015.0,0,0.0,0.0,2015,4,30,18,0,1,0,1,0,0,0,1,0,0,0
983,5,0,0,40.0,3.0,2014.0,1,1.0,2014.0,2015,3,14,11,1,0,0,0,0,0,0,1,0,0,0
835,3,0,0,2890.0,12.0,2007.0,1,10.0,2014.0,2015,4,23,17,0,0,0,0,0,0,0,1,0,0,0
893,4,1,0,130.0,0.0,0.0,1,1.0,2013.0,2015,3,6,10,0,1,0,0,0,0,0,1,0,0,0
698,1,0,0,1790.0,5.0,2011.0,0,0.0,0.0,2015,2,24,9,0,0,0,0,0,0,0,1,0,0,0
133,4,0,0,270.0,8.0,2013.0,1,10.0,2014.0,2015,3,27,13,0,0,0,0,0,0,0,1,0,0,0
801,2,1,0,48330.0,4.0,2013.0,0,0.0,0.0,2015,7,1,27,0,1,0,0,1,0,0,1,0,0,0
716,4,0,0,3200.0,1.0,2008.0,1,22.0,2011.0,2015,6,12,24,0,0,0,0,1,0,0,1,0,0,0
836,3,1,0,2720.0,9.0,2012.0,0,0.0,0.0,2015,2,5,6,0,1,0,0,0,0,0,1,0,0,0
762,4,0,0,1280.0,0.0,0.0,1,10.0,2013.0,2015,6,26,26,0,0,0,0,1,0,1,1,0,0,0
1041,5,0,0,1600.0,8.0,2013.0,1,40.0,2014.0,2015,1,10,2,1,0,0,1,0,0,0,1,0,0,0
826,3,1,0,7980.0,6.0,2005.0,0,0.0,0.0,2015,4,30,18,0,1,0,0,0,0,1,1,0,0,0
871,4,0,0,10620.0,0.0,0.0,0,0.0,0.0,2015,7,24,30,0,0,0,0,1,0,1,1,0,0,0
103,3,0,1,5210.0,5.0,2015.0,0,0.0,0.0,2015,7,23,30,0,0,0,0,1,0,1,1,0,0,0
122,6,0,0,58260.0,4.0,2013.0,0,0.0,0.0,2015,5,3,18,1,0,0,0,0,0,1,1,0,0,0
1064,0,1,0,420.0,0.0,0.0,0,0.0,0.0,2015,6,15,25,0,1,0,0,0,0,1,1,0,0,0
725,2,1,0,17540.0,6.0,2012.0,0,0.0,0.0,2015,5,6,19,0,1,0,0,1,0,1,1,0,0,0
1056,2,1,1,5350.0,0.0,0.0,1,40.0,2012.0,2015,2,18,8,0,1,0,0,1,0,1,1,0,0,0
102,5,0,0,150.0,12.0,2007.0,1,10.0,2014.0,2015,5,9,19,1,0,0,0,0,0,0,1,0,0,0
363,5,0,0,250.0,9.0,2009.0,0,0.0,0.0,2015,6,20,25,1,0,0,0,0,0,0,1,0,0,0
982,5,0,0,21930.0,0.0,0.0,0,0.0,0.0,2015,5,9,19,1,0,0,0,1,0,0,1,0,0,0
649,0,1,1,14570.0,11.0,2002.0,0,0.0,0.0,2015,2,2,6,0,1,0,0,0,0,0,1,0,0,0
807,5,0,0,3870.0,4.0,2008.0,0,0.0,0.0,2015,2,14,7,1,0,0,0,0,0,0,1,0,0,0
394,4,0,0,10850.0,0.0,0.0,0,0.0,0.0,2015,1,23,4,0,0,0,0,1,0,0,1,0,0,0
588,5,0,0,15720.0,3.0,2010.0,0,0.0,0.0,2015,5,16,20,1,0,0,0,1,0,1,1,0,0,0
417,1,1,1,840.0,0.0,0.0,1,10.0,2014.0,2015,7,28,31,0,1,0,0,0,0,1,1,0,0,0
55,2,0,0,720.0,11.0,2004.0,0,0.0,0.0,2015,6,24,26,0,0,0,0,0,0,0,1,0,0,0
479,1,1,0,320.0,12.0,2005.0,1,9.0,2011.0,2015,1,13,3,0,1,0,0,0,0,0,1,0,0,0
126,3,1,0,3370.0,10.0,2014.0,1,18.0,2011.0,2015,6,18,25,0,1,0,0,1,0,0,1,0,0,0
184,3,1,0,3560.0,0.0,0.0,0,0.0,0.0,2015,6,18,25,0,1,0,0,1,0,1,1,0,0,0
194,3,0,0,16970.0,0.0,0.0,1,5.0,2013.0,2015,3,26,13,0,0,0,0,1,0,1,1,0,0,0
809,5,0,0,12770.0,10.0,2000.0,0,0.0,0.0,2015,5,23,21,1,0,0,0,0,0,0,1,0,0,0
577,4,1,0,2270.0,0.0,0.0,1,35.0,2012.0,2015,5,8,19,0,1,0,0,0,0,1,1,0,0,0
729,1,1,1,8980.0,6.0,2011.0,0,0.0,0.0,2015,7,14,29,0,1,0,1,0,0,1,1,0,0,0
954,4,1,1,390.0,2.0,2013.0,1,10.0,2014.0,2015,7,3,27,0,1,0,0,0,0,0,1,0,0,0
595,3,1,0,1130.0,6.0,2015.0,0,0.0,0.0,2015,7,2,27,0,1,0,1,0,0,1,1,0,0,0
221,4,0,0,13530.0,9.0,2013.0,0,0.0,0.0,2015,2,13,7,0,0,0,0,1,0,1,1,0,0,0
702,4,0,0,8550.0,9.0,2001.0,1,45.0,2009.0,2015,2,13,7,0,0,0,0,0,0,0,1,0,0,0
779,1,1,0,16990.0,4.0,2004.0,0,0.0,0.0,2015,1,6,2,0,1,0,0,0,0,0,1,0,0,0
807,1,1,0,3870.0,4.0,2008.0,0,0.0,0.0,2015,5,5,19,0,1,0,0,0,0,0,1,0,0,0
127,5,0,0,1350.0,12.0,2005.0,1,13.0,2010.0,2015,6,27,26,1,0,0,0,1,0,0,1,0,0,0
283,4,1,0,2260.0,0.0,0.0,1,40.0,2014.0,2015,1,16,3,0,1,0,0,0,0,0,1,0,0,0
813,4,1,0,1560.0,9.0,2003.0,0,0.0,0.0,2015,6,19,25,0,1,0,0,0,0,0,1,0,0,0
270,4,0,0,1450.0,7.0,2014.0,0,0.0,0.0,2015,4,24,17,0,0,0,0,0,0,0,1,0,0,0
1080,0,1,0,2410.0,0.0,0.0,1,40.0,2014.0,2015,4,13,16,0,1,0,0,0,0,0,1,0,0,0
742,5,0,0,4380.0,0.0,0.0,0,0.0,0.0,2015,5,2,18,1,0,0,0,1,0,1,1,0,0,0
532,2,0,0,1070.0,8.0,2010.0,0,0.0,0.0,2015,5,27,22,0,0,0,0,0,0,1,1,0,0,0
378,3,1,0,2140.0,8.0,2012.0,0,0.0,0.0,2015,5,7,19,0,1,0,0,0,0,1,1,0,0,0
711,1,0,0,17110.0,3.0,2007.0,1,5.0,2010.0,2015,6,9,24,0,0,0,0,1,0,0,1,0,0,0
805,3,0,0,24770.0,10.0,2011.0,1,10.0,2014.0,2015,2,26,9,0,0,0,0,1,0,0,1,0,0,0
1010,5,0,0,4610.0,6.0,2010.0,1,18.0,2010.0,2015,1,3,1,1,0,0,0,1,0,1,1,0,0,0
967,1,0,0,3560.0,9.0,2013.0,1,36.0,2013.0,2015,6,9,24,0,0,0,0,0,0,1,1,0,0,0
190,0,1,0,1470.0,12.0,2006.0,1,40.0,2014.0,2015,2,2,6,0,1,0,0,0,0,0,1,0,0,0
945,1,0,0,12480.0,3.0,2011.0,0,0.0,0.0,2015,3,10,11,0,0,0,0,0,0,1,1,0,0,0
193,4,1,0,520.0,0.0,0.0,0,0.0,0.0,2015,7,3,27,0,1,0,0,0,0,0,1,0,0,0
780,0,0,0,18160.0,0.0,0.0,0,0.0,0.0,2015,4,20,17,0,0,0,0,0,0,0,1,0,0,0
408,1,1,0,1560.0,0.0,0.0,1,45.0,2009.0,2015,1,27,5,0,1,0,1,0,0,0,1,0,0,0
828,0,0,1,3290.0,12.0,2014.0,0,0.0,0.0,2015,2,9,7,0,0,0,0,1,0,1,1,0,0,0
987,3,0,0,1690.0,6.0,2007.0,0,0.0,0.0,2015,7,9,28,0,0,0,1,0,0,0,1,0,0,0
769,2,1,0,840.0,0.0,0.0,1,48.0,2012.0,2015,4,15,16,0,1,1,0,0,1,0,1,0,0,0
260,3,1,0,540.0,10.0,2011.0,0,0.0,0.0,2015,1,8,2,0,1,0,0,0,0,0,1,0,0,0
1099,5,0,0,200.0,4.0,2013.0,1,14.0,2013.0,2015,6,27,26,1,0,0,0,0,0,1,1,0,0,0
892,1,1,0,19370.0,4.0,2002.0,0,0.0,0.0,2015,2,3,6,0,1,0,0,0,0,0,1,0,0,0
294,5,0,0,3150.0,5.0,2005.0,0,0.0,0.0,2015,6,13,24,1,0,0,0,0,0,0,1,0,0,0
660,2,1,0,1200.0,11.0,2006.0,1,40.0,2014.0,2015,3,4,10,0,1,0,0,0,0,0,1,0,0,0
1036,1,0,0,9560.0,0.0,0.0,1,36.0,2013.0,2015,6,23,26,0,0,0,0,1,0,1,1,0,0,0
181,4,1,0,12610.0,3.0,2013.0,1,14.0,2011.0,2015,7,31,31,0,1,0,0,0,0,0,1,0,0,0
315,5,0,0,38710.0,4.0,2013.0,0,0.0,0.0,2015,7,11,28,1,0,0,0,0,0,1,1,0,0,0
997,0,1,0,5840.0,7.0,2010.0,1,37.0,2009.0,2015,6,29,27,0,1,0,0,1,0,1,1,0,0,0
410,5,0,0,40.0,11.0,2011.0,1,22.0,2012.0,2015,1,17,3,1,0,0,1,0,0,0,1,0,0,0
565,4,1,0,160.0,7.0,2007.0,0,0.0,0.0,2015,6,5,23,0,1,0,0,0,0,1,1,0,0,0
881,0,1,0,180.0,3.0,2008.0,1,31.0,2013.0,2015,6,1,23,0,1,0,0,0,0,0,1,0,0,0
479,1,0,0,320.0,12.0,2005.0,1,9.0,2011.0,2015,4,7,15,0,0,0,0,0,0,0,1,0,0,0
495,5,0,0,5470.0,0.0,0.0,1,37.0,2009.0,2015,2,28,9,1,0,0,0,1,0,0,1,0,0,0
1049,0,1,0,370.0,7.0,2012.0,1,14.0,2011.0,2015,5,4,19,0,1,0,0,0,0,0,1,0,0,0
296,1,0,0,9580.0,5.0,2007.0,1,45.0,2014.0,2015,4,21,17,0,0,0,0,0,0,0,1,0,0,0
227,4,1,0,2370.0,0.0,0.0,0,0.0,0.0,2015,5,8,19,0,1,0,0,0,0,0,1,0,0,0
723,5,0,0,5650.0,9.0,2008.0,1,5.0,2013.0,2015,2,14,7,1,0,0,0,1,0,1,1,0,0,0
60,1,0,0,5540.0,10.0,2009.0,0,0.0,0.0,2015,6,9,24,0,0,0,0,1,0,1,1,0,0,0
1004,2,0,0,970.0,0.0,0.0,1,9.0,2011.0,2015,4,22,17,0,0,0,0,1,0,1,1,0,0,0
975,2,1,0,9630.0,0.0,0.0,1,14.0,2011.0,2015,3,18,12,0,1,0,0,0,0,1,1,0,0,0
1091,0,1,0,9990.0,0.0,0.0,0,0.0,0.0,2015,6,1,23,0,1,0,0,0,0,1,1,0,0,0
57,3,1,0,420.0,6.0,2014.0,0,0.0,0.0,2015,5,21,21,0,1,0,0,1,0,1,1,0,0,0
223,0,0,0,2920.0,10.0,1995.0,1,27.0,2011.0,2015,6,22,26,0,0,0,0,1,0,1,1,0,0,0
417,5,0,0,840.0,0.0,0.0,1,10.0,2014.0,2015,3,28,13,1,0,0,0,0,0,1,1,0,0,0
153,4,1,0,16240.0,10.0,2000.0,1,18.0,2011.0,2015,4,17,16,0,1,0,0,0,0,0,1,0,0,0
11,5,0,0,960.0,11.0,2011.0,1,1.0,2012.0,2015,3,7,10,1,0,0,0,0,0,1,1,0,0,0
660,0,1,0,1200.0,11.0,2006.0,1,40.0,2014.0,2015,2,2,6,0,1,0,0,0,0,0,1,0,0,0
392,0,0,0,2120.0,0.0,0.0,0,0.0,0.0,2015,6,22,26,0,0,0,0,0,0,0,1,0,0,0
342,4,0,1,15770.0,0.0,0.0,1,40.0,2014.0,2015,4,10,15,0,0,0,0,1,0,1,1,0,0,0
392,0,1,0,2120.0,0.0,0.0,0,0.0,0.0,2015,4,27,18,0,1,0,0,0,0,0,1,0,0,0
316,4,1,0,9000.0,8.0,2001.0,0,0.0,0.0,2015,3,6,10,0,1,0,0,1,0,0,1,0,0,0
872,1,0,1,3860.0,9.0,2014.0,1,23.0,2015.0,2015,4,7,15,0,0,0,0,0,0,1,1,0,0,0
543,4,0,0,1080.0,12.0,2012.0,0,0.0,0.0,2015,2,13,7,0,0,0,1,0,0,0,1,0,0,0
662,3,1,0,1070.0,0.0,0.0,0,0.0,0.0,2015,4,30,18,0,1,0,0,1,0,0,1,0,0,0
870,1,1,0,780.0,4.0,2009.0,0,0.0,0.0,2015,3,3,10,0,1,0,0,0,0,0,1,0,0,0
920,5,0,0,850.0,2.0,2012.0,1,40.0,2014.0,2015,3,14,11,1,0,0,0,0,0,0,1,0,0,0
182,2,0,0,1390.0,0.0,0.0,1,9.0,2011.0,2015,5,13,20,0,0,0,0,1,0,1,1,0,0,0
677,2,0,0,1740.0,6.0,2014.0,1,45.0,2009.0,2015,7,8,28,0,0,0,0,1,0,0,1,0,0,0
456,5,0,0,140.0,0.0,0.0,0,0.0,0.0,2015,1,31,5,1,0,0,0,0,0,1,1,0,0,0
548,0,0,0,3760.0,2.0,2009.0,0,0.0,0.0,2015,1,19,4,0,0,0,0,1,0,1,1,0,0,0
309,1,0,0,8740.0,0.0,0.0,1,37.0,2009.0,2015,6,9,24,0,0,0,0,1,0,0,1,0,0,0
996,5,0,0,2870.0,7.0,2015.0,1,13.0,2010.0,2015,4,18,16,1,0,0,1,0,0,0,1,0,0,0
985,2,1,0,490.0,5.0,2007.0,1,13.0,2010.0,2015,3,4,10,0,1,0,1,0,0,1,1,0,0,0
275,0,1,1,300.0,5.0,2014.0,1,40.0,2014.0,2015,1,5,2,0,1,0,0,1,0,0,1,0,0,0
107,3,1,0,1930.0,9.0,2009.0,0,0.0,0.0,2015,7,16,29,0,1,0,0,0,0,0,1,0,0,0
919,3,1,0,2620.0,0.0,0.0,1,45.0,2009.0,2015,1,15,3,0,1,0,0,0,0,0,1,0,0,0
625,5,0,0,1170.0,4.0,2011.0,1,22.0,2012.0,2015,1,3,1,1,0,0,0,0,0,0,1,0,0,0
90,0,0,0,330.0,11.0,2007.0,0,0.0,0.0,2015,2,23,9,0,0,0,0,0,0,0,1,0,0,0
628,1,1,0,2180.0,0.0,0.0,0,0.0,0.0,2015,1,27,5,0,1,0,0,0,0,1,1,0,0,0
290,0,1,0,4150.0,5.0,2001.0,0,0.0,0.0,2015,4,13,16,0,1,0,0,0,0,0,1,0,0,0
846,2,0,1,8860.0,4.0,2004.0,1,37.0,2009.0,2015,4,8,15,0,0,0,0,0,0,1,1,0,0,0
616,5,0,0,3040.0,8.0,2011.0,1,35.0,2010.0,2015,2,7,6,1,0,0,0,0,0,1,1,0,0,0
752,4,1,0,970.0,3.0,2013.0,1,31.0,2013.0,2015,4,17,16,0,1,0,0,0,0,0,1,0,0,0
41,0,0,0,1180.0,0.0,0.0,1,31.0,2013.0,2015,7,6,28,0,0,0,0,1,0,1,1,0,0,0
742,2,0,0,4380.0,0.0,0.0,0,0.0,0.0,2015,5,13,20,0,0,0,0,1,0,1,1,0,0,0
63,0,1,0,3700.0,6.0,2010.0,1,18.0,2010.0,2015,2,16,8,0,1,0,1,0,0,1,1,0,0,0
805,2,0,0,24770.0,10.0,2011.0,1,10.0,2014.0,2015,5,13,20,0,0,0,0,1,0,0,1,0,0,0
1066,3,1,0,3350.0,0.0,0.0,0,0.0,0.0,2015,3,5,10,0,1,0,0,0,0,0,1,0,0,0
877,3,1,0,29190.0,0.0,0.0,0,0.0,0.0,2015,4,30,18,0,1,0,0,0,0,1,1,0,0,0
1061,4,0,0,8110.0,0.0,0.0,0,0.0,0.0,2015,3,27,13,0,0,0,0,1,0,1,1,0,0,0
95,3,0,0,1890.0,10.0,2014.0,0,0.0,0.0,2015,1,22,4,0,0,0,0,0,0,0,1,0,0,0
501,3,0,1,1620.0,9.0,2006.0,0,0.0,0.0,2015,4,9,15,0,0,0,0,0,0,1,1,0,0,0
791,3,1,0,5950.0,4.0,2007.0,0,0.0,0.0,2015,1,29,5,0,1,0,0,0,0,0,1,0,0,0
753,0,1,1,540.0,11.0,2012.0,1,35.0,2010.0,2015,3,30,14,0,1,0,0,1,0,1,1,0,0,0
1020,5,0,0,40.0,8.0,2015.0,0,0.0,0.0,2015,4,18,16,1,0,0,0,0,0,0,1,0,0,0
1023,4,1,0,3740.0,2.0,2002.0,1,14.0,2011.0,2015,4,17,16,0,1,0,1,0,0,0,1,0,0,0
677,1,0,0,1740.0,6.0,2014.0,1,45.0,2009.0,2015,1,20,4,0,0,0,0,1,0,0,1,0,0,0
772,2,1,0,1850.0,0.0,0.0,0,0.0,0.0,2015,5,20,21,0,1,0,0,1,0,1,1,0,0,0
427,2,0,1,70.0,7.0,2005.0,1,13.0,2010.0,2015,5,27,22,0,0,0,0,0,0,1,1,0,0,0
595,1,0,0,1130.0,6.0,2015.0,0,0.0,0.0,2015,5,12,20,0,0,0,1,0,0,1,1,0,0,0
835,1,1,1,2890.0,12.0,2007.0,1,10.0,2014.0,2015,6,30,27,0,1,0,0,0,0,0,1,0,0,0
814,5,0,0,24530.0,7.0,2013.0,0,0.0,0.0,2015,4,11,15,1,0,0,0,1,0,1,1,0,0,0
357,2,1,0,2060.0,10.0,2008.0,0,0.0,0.0,2015,6,3,23,0,1,0,0,0,0,0,1,0,0,0
22,3,1,0,1040.0,0.0,0.0,1,22.0,2012.0,2015,3,19,12,0,1,0,0,0,0,0,1,0,0,0
571,1,1,0,2110.0,11.0,1995.0,1,40.0,2014.0,2015,7,14,29,0,1,0,0,1,0,0,1,0,0,0
67,2,0,1,410.0,2.0,2006.0,0,0.0,0.0,2015,4,8,15,0,0,0,0,0,0,1,1,0,0,0
739,5,0,0,2770.0,6.0,2008.0,1,22.0,2011.0,2015,4,18,16,1,0,0,0,1,0,1,1,0,0,0
297,1,0,0,2300.0,9.0,2010.0,0,0.0,0.0,2015,5,12,20,0,0,0,0,0,0,0,1,0,0,0
374,2,0,0,1150.0,9.0,2007.0,0,0.0,0.0,2015,2,11,7,0,0,0,0,0,0,0,1,0,0,0
81,3,0,0,2370.0,3.0,2011.0,1,40.0,2014.0,2015,7,9,28,0,0,0,0,0,0,0,1,0,0,0
442,3,1,0,500.0,0.0,0.0,1,45.0,2009.0,2015,5,7,19,0,1,0,1,0,0,0,1,0,0,0
911,0,1,1,16490.0,0.0,0.0,0,0.0,0.0,2015,1,5,2,0,1,0,0,0,0,1,1,0,0,0
188,1,0,0,850.0,0.0,0.0,1,18.0,2011.0,2015,2,10,7,0,0,0,0,1,0,0,1,0,0,0
269,5,0,0,60.0,6.0,2015.0,0,0.0,0.0,2015,6,27,26,1,0,0,0,0,0,1,1,0,0,0
651,3,0,0,200.0,0.0,0.0,0,0.0,0.0,2015,3,26,13,0,0,0,0,0,0,0,1,0,0,0
1101,3,1,0,4060.0,9.0,2012.0,0,0.0,0.0,2015,4,30,18,0,1,0,0,1,0,1,1,0,0,0
299,4,1,0,38630.0,9.0,2012.0,0,0.0,0.0,2015,3,6,10,0,1,0,0,1,0,1,1,0,0,0
830,3,0,0,6320.0,0.0,0.0,1,5.0,2011.0,2015,7,9,28,0,0,0,0,0,0,1,1,0,0,0
339,3,1,0,2280.0,0.0,0.0,1,10.0,2013.0,2015,4,16,16,0,1,0,0,0,0,1,1,0,0,0
831,4,1,0,800.0,6.0,2007.0,0,0.0,0.0,2015,3,6,10,0,1,0,0,0,0,0,1,0,0,0
1057,2,0,0,3230.0,11.0,2011.0,0,0.0,0.0,2015,5,27,22,0,0,0,0,1,0,1,1,0,0,0
582,3,1,0,120.0,0.0,0.0,0,0.0,0.0,2015,4,16,16,0,1,0,0,0,0,0,1,0,0,0
839,5,0,0,240.0,1.0,2015.0,0,0.0,0.0,2015,3,14,11,1,0,0,1,0,0,0,1,0,0,0
321,3,0,1,8140.0,11.0,2013.0,1,10.0,2014.0,2015,2,12,7,0,0,0,1,0,0,1,1,0,0,0
689,4,1,0,15040.0,10.0,2004.0,0,0.0,0.0,2015,3,6,10,0,1,0,0,1,0,0,1,0,0,0
394,2,1,1,10850.0,0.0,0.0,0,0.0,0.0,2015,7,29,31,0,1,0,0,1,0,0,1,0,0,0
159,1,1,1,8530.0,3.0,2013.0,0,0.0,0.0,2015,3,31,14,0,1,0,0,1,0,0,1,0,0,0
1025,0,0,0,720.0,11.0,2009.0,0,0.0,0.0,2015,2,9,7,0,0,0,0,0,0,0,1,0,0,0
738,5,0,0,5980.0,10.0,2005.0,0,0.0,0.0,2015,5,9,19,1,0,0,0,1,0,1,1,0,0,0
283,1,1,0,2260.0,0.0,0.0,1,40.0,2014.0,2015,6,30,27,0,1,0,0,0,0,0,1,0,0,0
875,5,0,0,5070.0,11.0,2007.0,1,18.0,2015.0,2015,1,10,2,1,0,0,0,1,0,0,1,0,0,0
886,1,0,1,12430.0,10.0,2004.0,0,0.0,0.0,2015,7,21,30,0,0,0,0,0,0,1,1,0,0,0
1047,5,0,0,3750.0,0.0,0.0,1,45.0,2009.0,2015,1,3,1,1,0,0,0,0,0,0,1,0,0,0
967,2,1,0,3560.0,9.0,2013.0,1,36.0,2013.0,2015,2,18,8,0,1,0,0,0,0,1,1,0,0,0
554,2,0,0,1200.0,0.0,0.0,0,0.0,0.0,2015,1,21,4,0,0,0,1,0,0,1,1,0,0,0
866,5,0,0,9680.0,0.0,0.0,1,5.0,2013.0,2015,6,6,23,1,0,0,0,1,0,0,1,0,0,0
629,1,1,1,510.0,7.0,2014.0,1,23.0,2015.0,2015,3,31,14,0,1,0,0,1,0,0,1,0,0,0
324,1,1,0,13140.0,0.0,0.0,1,14.0,2011.0,2015,3,3,10,0,1,0,0,0,0,0,1,0,0,0
83,0,1,0,2710.0,0.0,0.0,0,0.0,0.0,2015,4,27,18,0,1,0,0,0,0,0,1,0,0,0
579,4,1,0,20970.0,11.0,2012.0,0,0.0,0.0,2015,6,5,23,0,1,0,1,0,0,0,1,0,0,0
548,0,0,0,3760.0,2.0,2009.0,0,0.0,0.0,2015,5,11,20,0,0,0,0,1,0,1,1,0,0,0
1079,4,0,0,16680.0,0.0,0.0,1,37.0,2009.0,2015,7,24,30,0,0,0,0,0,0,0,1,0,0,0
216,5,0,0,190.0,0.0,0.0,1,45.0,2009.0,2015,7,18,29,1,0,0,1,0,0,0,1,0,0,0
433,2,1,0,30030.0,11.0,2010.0,0,0.0,0.0,2015,1,28,5,0,1,0,0,0,0,1,1,0,0,0
413,1,1,0,760.0,9.0,2014.0,0,0.0,0.0,2015,2,3,6,0,1,0,0,0,0,1,1,0,0,0
1043,4,0,0,420.0,3.0,2006.0,0,0.0,0.0,2015,7,10,28,0,0,0,1,0,0,0,1,0,0,0
35,2,0,0,7660.0,10.0,2000.0,1,1.0,2012.0,2015,2,11,7,0,0,0,0,1,0,1,1,0,0,0
1011,4,0,0,490.0,9.0,2012.0,1,18.0,2011.0,2015,2,27,9,0,0,0,0,0,0,1,1,0,0,0
202,0,1,0,5140.0,5.0,2010.0,0,0.0,0.0,2015,2,16,8,0,1,0,0,1,0,1,1,0,0,0
940,5,0,0,6470.0,9.0,2012.0,0,0.0,0.0,2015,1,31,5,1,0,0,0,1,0,1,1,0,0,0
814,3,1,0,24530.0,7.0,2013.0,0,0.0,0.0,2015,1,8,2,0,1,0,0,1,0,1,1,0,0,0
406,3,1,0,8240.0,3.0,2001.0,1,10.0,2013.0,2015,4,30,18,0,1,0,0,1,0,1,1,0,0,0
1041,1,1,1,1600.0,8.0,2013.0,1,40.0,2014.0,2015,2,17,8,0,1,0,1,0,0,0,1,0,0,0
341,3,1,0,190.0,9.0,2011.0,0,0.0,0.0,2015,1,15,3,0,1,0,0,0,0,0,1,0,0,0
1079,1,1,0,16680.0,0.0,0.0,1,37.0,2009.0,2015,5,19,21,0,1,0,0,0,0,0,1,0,0,0
550,5,0,0,50.0,6.0,2015.0,0,0.0,0.0,2015,7,11,28,1,0,0,0,1,0,1,1,0,0,0
1025,0,0,0,720.0,11.0,2009.0,0,0.0,0.0,2015,6,8,24,0,0,0,0,0,0,0,1,0,0,0
842,2,0,0,1200.0,11.0,2007.0,0,0.0,0.0,2015,7,22,30,0,0,0,0,1,0,1,1,0,0,0
275,4,0,0,300.0,5.0,2014.0,1,40.0,2014.0,2015,5,15,20,0,0,0,0,1,0,0,1,0,0,0
592,0,1,0,2540.0,6.0,2005.0,0,0.0,0.0,2015,6,1,23,0,1,0,0,0,0,0,1,0,0,0
935,1,0,0,22350.0,6.0,2010.0,0,0.0,0.0,2015,3,10,11,0,0,0,0,0,0,1,1,0,0,0
303,3,1,0,15430.0,11.0,2012.0,1,18.0,2011.0,2015,5,21,21,0,1,0,0,0,0,0,1,0,0,0
20,3,0,0,2340.0,5.0,2009.0,1,40.0,2014.0,2015,2,12,7,0,0,0,0,1,0,0,1,0,0,0
1085,0,1,1,4030.0,2.0,2015.0,0,0.0,0.0,2015,7,27,31,0,1,0,1,0,0,0,1,0,0,0
755,4,1,1,13130.0,12.0,2003.0,0,0.0,0.0,2015,7,31,31,0,1,0,0,1,0,1,1,0,0,0
590,4,1,0,4520.0,9.0,2010.0,1,31.0,2013.0,2015,6,19,25,0,1,0,0,1,0,1,1,0,0,0
42,4,1,0,290.0,0.0,0.0,1,40.0,2011.0,2015,3,20,12,0,1,0,0,0,0,1,1,0,0,0
105,1,1,0,6190.0,0.0,0.0,1,23.0,2013.0,2015,6,16,25,0,1,0,0,0,0,1,1,0,0,0
672,1,1,1,240.0,9.0,2002.0,0,0.0,0.0,2015,7,14,29,0,1,0,1,0,0,0,1,0,0,0
52,3,1,0,450.0,4.0,2014.0,1,39.0,2010.0,2015,1,29,5,0,1,0,0,1,0,1,1,0,0,0
882,3,1,1,30.0,4.0,2013.0,0,0.0,0.0,2015,7,30,31,0,1,0,0,0,0,0,1,0,0,0
457,5,0,0,13140.0,0.0,0.0,1,31.0,2013.0,2015,2,14,7,1,0,0,0,1,0,1,1,0,0,0
324,0,0,0,13140.0,0.0,0.0,1,14.0,2011.0,2015,5,11,20,0,0,0,0,0,0,0,1,0,0,0
1045,5,0,0,26990.0,12.0,2013.0,0,0.0,0.0,2015,4,4,14,1,0,0,0,0,0,1,1,0,0,0
634,1,1,0,18610.0,0.0,0.0,0,0.0,0.0,2015,1,13,3,0,1,0,0,1,0,0,1,0,0,0
115,5,0,0,5740.0,4.0,2007.0,1,40.0,2014.0,2015,5,16,20,1,0,0,0,1,0,1,1,0,0,0
846,1,0,1,8860.0,4.0,2004.0,1,37.0,2009.0,2015,5,26,22,0,0,0,0,0,0,1,1,0,0,0
854,2,1,0,4770.0,0.0,0.0,1,13.0,2010.0,2015,3,18,12,0,1,0,1,0,0,0,1,0,0,0
880,2,1,0,4570.0,0.0,0.0,0,0.0,0.0,2015,5,6,19,0,1,0,0,0,0,1,1,0,0,0
234,0,1,1,4370.0,0.0,0.0,0,0.0,0.0,2015,3,30,14,0,1,0,0,1,0,0,1,0,0,0
1051,4,0,0,200.0,7.0,1998.0,1,1.0,2012.0,2015,4,24,17,0,0,0,1,0,0,0,1,0,0,0
700,0,0,0,830.0,0.0,0.0,1,27.0,2013.0,2015,6,22,26,0,0,0,0,0,0,1,1,0,0,0
671,2,0,0,2070.0,2.0,2008.0,1,39.0,2010.0,2015,1,21,4,0,0,0,0,0,0,1,1,0,0,0
309,5,0,0,8740.0,0.0,0.0,1,37.0,2009.0,2015,4,11,15,1,0,0,0,1,0,0,1,0,0,0
1049,1,0,0,370.0,7.0,2012.0,1,14.0,2011.0,2015,7,21,30,0,0,0,0,0,0,0,1,0,0,0
190,4,1,0,1470.0,12.0,2006.0,1,40.0,2014.0,2015,3,20,12,0,1,0,0,0,0,0,1,0,0,0
1013,2,0,1,630.0,2.0,2015.0,1,31.0,2013.0,2015,4,8,15,0,0,0,0,0,0,0,1,0,0,0
225,3,0,0,10180.0,5.0,2015.0,0,0.0,0.0,2015,7,9,28,0,0,0,0,1,0,0,1,0,0,0
310,5,0,0,2290.0,0.0,0.0,1,10.0,2014.0,2015,5,16,20,1,0,0,0,0,0,1,1,0,0,0
1041,5,0,0,1600.0,8.0,2013.0,1,40.0,2014.0,2015,6,6,23,1,0,0,1,0,0,0,1,0,0,0
790,0,0,0,9070.0,12.0,2003.0,0,0.0,0.0,2015,7,20,30,0,0,0,0,1,0,1,1,0,0,0
763,3,0,0,32240.0,3.0,2010.0,0,0.0,0.0,2015,6,11,24,0,0,0,0,1,0,1,1,0,0,0
259,3,0,0,210.0,0.0,0.0,0,0.0,0.0,2015,5,28,22,0,0,1,0,0,1,0,1,0,0,0
779,0,1,0,16990.0,4.0,2004.0,0,0.0,0.0,2015,6,1,23,0,1,0,0,0,0,0,1,0,0,0
795,4,1,0,510.0,0.0,0.0,1,35.0,2010.0,2015,1,30,5,0,1,0,0,1,0,0,1,0,0,0
195,2,1,0,220.0,0.0,0.0,0,0.0,0.0,2015,3,4,10,0,1,0,0,0,0,1,1,0,0,0
625,0,1,0,1170.0,4.0,2011.0,1,22.0,2012.0,2015,5,4,19,0,1,0,0,0,0,0,1,0,0,0
191,1,1,0,1100.0,8.0,2013.0,1,40.0,2014.0,2015,4,14,16,0,1,0,0,0,0,0,1,0,0,0
451,5,0,0,2460.0,4.0,2009.0,1,13.0,2010.0,2015,6,6,23,1,0,0,0,0,0,0,1,0,0,0
531,1,1,0,4030.0,0.0,0.0,0,0.0,0.0,2015,6,30,27,0,1,0,0,0,0,1,1,0,0,0
935,4,1,0,22350.0,6.0,2010.0,0,0.0,0.0,2015,3,6,10,0,1,0,0,0,0,1,1,0,0,0
134,4,0,0,1200.0,9.0,2008.0,0,0.0,0.0,2015,6,12,24,0,0,0,0,0,0,0,1,0,0,0
686,3,1,0,20050.0,4.0,2002.0,0,0.0,0.0,2015,5,7,19,0,1,0,0,0,0,0,1,0,0,0
572,3,0,1,9230.0,4.0,2004.0,1,37.0,2009.0,2015,7,9,28,0,0,0,0,1,0,1,1,0,0,0
144,2,0,0,16570.0,0.0,0.0,0,0.0,0.0,2015,5,13,20,0,0,0,0,0,0,1,1,0,0,0
357,0,0,0,2060.0,10.0,2008.0,0,0.0,0.0,2015,2,23,9,0,0,0,0,0,0,0,1,0,0,0
179,2,1,0,480.0,0.0,0.0,0,0.0,0.0,2015,6,3,23,0,1,0,0,0,0,1,1,0,0,0
502,3,0,0,220.0,2.0,2002.0,1,37.0,2009.0,2015,6,25,26,0,0,0,0,0,0,0,1,0,0,0
545,0,0,0,5020.0,5.0,2006.0,1,18.0,2014.0,2015,4,20,17,0,0,0,0,0,0,1,1,0,0,0
41,4,1,0,1180.0,0.0,0.0,1,31.0,2013.0,2015,5,8,19,0,1,0,0,1,0,1,1,0,0,0
1049,4,1,0,370.0,7.0,2012.0,1,14.0,2011.0,2015,2,6,6,0,1,0,0,0,0,0,1,0,0,0
723,3,1,0,5650.0,9.0,2008.0,1,5.0,2013.0,2015,5,7,19,0,1,0,0,1,0,1,1,0,0,0
884,2,0,0,7550.0,0.0,0.0,0,0.0,0.0,2015,2,25,9,0,0,0,0,1,0,1,1,0,0,0
462,3,1,0,44320.0,8.0,2008.0,0,0.0,0.0,2015,4,30,18,0,1,0,0,0,0,0,1,0,0,0
63,2,1,0,3700.0,6.0,2010.0,1,18.0,2010.0,2015,4,29,18,0,1,0,1,0,0,1,1,0,0,0
1048,0,0,0,1860.0,9.0,2012.0,1,40.0,2012.0,2015,1,19,4,0,0,0,0,1,0,1,1,0,0,0
117,1,1,1,3450.0,9.0,2011.0,0,0.0,0.0,2015,6,30,27,0,1,0,0,0,0,0,1,0,0,0
970,3,1,0,910.0,12.0,2014.0,1,37.0,2009.0,2015,1,29,5,0,1,0,0,0,0,0,1,0,0,0
1024,1,1,0,1990.0,1.0,2012.0,0,0.0,0.0,2015,1,13,3,0,1,0,1,0,0,1,1,0,0,0
398,5,0,0,1540.0,0.0,0.0,1,1.0,2012.0,2015,4,11,15,1,0,0,1,0,0,1,1,0,0,0
191,2,1,0,1100.0,8.0,2013.0,1,40.0,2014.0,2015,3,18,12,0,1,0,0,0,0,0,1,0,0,0
375,0,0,0,15710.0,2.0,2013.0,1,37.0,2009.0,2015,3,23,13,0,0,0,0,0,0,1,1,0,0,0
873,5,0,0,2040.0,11.0,2008.0,0,0.0,0.0,2015,4,18,16,1,0,0,0,0,0,0,1,0,0,0
328,2,1,0,3130.0,7.0,2002.0,0,0.0,0.0,2015,1,14,3,0,1,0,0,0,0,0,1,0,0,0
1097,3,1,0,720.0,3.0,2002.0,0,0.0,0.0,2015,4,30,18,0,1,1,0,0,1,0,1,0,0,0
561,2,1,1,14300.0,0.0,0.0,0,0.0,0.0,2015,7,29,31,0,1,0,0,1,0,0,1,0,0,0
283,3,0,0,2260.0,0.0,0.0,1,40.0,2014.0,2015,6,11,24,0,0,0,0,0,0,0,1,0,0,0
750,5,0,0,8670.0,2.0,2002.0,1,14.0,2011.0,2015,6,13,24,1,0,0,0,1,0,0,1,0,0,0
945,2,0,0,12480.0,3.0,2011.0,0,0.0,0.0,2015,7,8,28,0,0,0,0,0,0,1,1,0,0,0
32,2,0,0,2910.0,0.0,0.0,1,45.0,2009.0,2015,3,11,11,0,0,0,0,0,0,0,1,0,0,0
381,5,0,0,1800.0,11.0,2006.0,1,5.0,2013.0,2015,6,20,25,1,0,0,0,0,0,0,1,0,0,0
364,1,0,0,13620.0,0.0,0.0,1,10.0,2014.0,2015,1,20,4,0,0,0,0,0,0,1,1,0,0,0
501,3,0,0,1620.0,9.0,2006.0,0,0.0,0.0,2015,2,12,7,0,0,0,0,0,0,1,1,0,0,0
132,2,0,0,1040.0,0.0,0.0,1,27.0,2012.0,2015,6,10,24,0,0,0,0,1,0,1,1,0,0,0
112,5,0,0,1630.0,9.0,2009.0,0,0.0,0.0,2015,1,24,4,1,0,0,0,0,0,0,1,0,0,0
919,0,0,0,2620.0,0.0,0.0,1,45.0,2009.0,2015,3,9,11,0,0,0,0,0,0,0,1,0,0,0
1094,5,0,0,2380.0,3.0,2013.0,1,40.0,2014.0,2015,6,6,23,1,0,0,0,1,0,0,1,0,0,0
381,2,1,0,1800.0,11.0,2006.0,1,5.0,2013.0,2015,2,18,8,0,1,0,0,0,0,0,1,0,0,0
145,5,0,0,280.0,0.0,0.0,1,45.0,2009.0,2015,6,27,26,1,0,0,0,0,0,0,1,0,0,0
299,2,1,0,38630.0,9.0,2012.0,0,0.0,0.0,2015,2,4,6,0,1,0,0,1,0,1,1,0,0,0
206,0,0,0,380.0,0.0,0.0,1,14.0,2012.0,2015,6,8,24,0,0,0,0,0,0,1,1,0,0,0
362,1,0,0,340.0,0.0,0.0,0,0.0,0.0,2015,4,21,17,0,0,0,1,0,0,1,1,0,0,0
774,0,1,0,640.0,9.0,2013.0,0,0.0,0.0,2015,1,26,5,0,1,0,0,0,0,1,1,0,0,0
242,5,0,0,6880.0,9.0,2001.0,1,14.0,2011.0,2015,6,13,24,1,0,0,0,1,0,0,1,0,0,0
364,2,0,0,13620.0,0.0,0.0,1,10.0,2014.0,2015,7,22,30,0,0,0,0,0,0,1,1,0,0,0
643,4,1,0,230.0,6.0,2010.0,1,18.0,2010.0,2015,6,19,25,0,1,0,0,0,0,0,1,0,0,0
953,1,1,1,19830.0,4.0,2006.0,1,22.0,2011.0,2015,3,31,14,0,1,0,0,0,0,0,1,0,0,0
318,3,0,0,32330.0,3.0,2014.0,0,0.0,0.0,2015,6,25,26,0,0,0,0,1,0,1,1,0,0,0
899,0,0,1,2590.0,0.0,0.0,1,13.0,2010.0,2015,2,9,7,0,0,0,0,1,0,0,1,0,0,0
253,2,1,0,250.0,0.0,0.0,1,5.0,2013.0,2015,2,18,8,0,1,0,0,0,0,1,1,0,0,0
645,2,1,1,90.0,0.0,0.0,1,45.0,2009.0,2015,4,1,14,0,1,0,0,0,0,0,1,0,0,0
831,5,0,0,800.0,6.0,2007.0,0,0.0,0.0,2015,6,13,24,1,0,0,0,0,0,0,1,0,0,0
733,6,0,0,860.0,10.0,1999.0,0,0.0,0.0,2015,5,10,19,1,0,1,0,0,1,0,1,0,0,0
378,1,1,0,2140.0,8.0,2012.0,0,0.0,0.0,2015,1,13,3,0,1,0,0,0,0,1,1,0,0,0
174,5,0,0,13090.0,0.0,0.0,1,22.0,2012.0,2015,4,4,14,1,0,0,0,0,0,0,1,0,0,0
134,3,0,0,1200.0,9.0,2008.0,0,0.0,0.0,2015,4,23,17,0,0,0,0,0,0,0,1,0,0,0
49,1,1,1,18010.0,9.0,2007.0,0,0.0,0.0,2015,6,2,23,0,1,0,0,1,0,1,1,0,0,0
307,3,0,0,18660.0,9.0,2002.0,0,0.0,0.0,2015,1,22,4,0,0,0,0,0,0,0,1,0,0,0
368,2,0,0,1450.0,4.0,2005.0,1,45.0,2009.0,2015,2,11,7,0,0,0,0,1,0,1,1,0,0,0
1046,1,1,1,29070.0,4.0,2005.0,0,0.0,0.0,2015,7,14,29,0,1,0,0,1,0,1,1,0,0,0
683,2,0,0,2850.0,7.0,2014.0,0,0.0,0.0,2015,6,24,26,0,0,0,0,0,0,0,1,0,0,0
791,4,1,0,5950.0,4.0,2007.0,0,0.0,0.0,2015,5,22,21,0,1,0,0,0,0,0,1,0,0,0
640,5,0,0,8040.0,0.0,0.0,0,0.0,0.0,2015,5,23,21,1,0,0,0,1,0,1,1,0,0,0
277,2,1,1,7840.0,0.0,0.0,1,31.0,2009.0,2015,6,3,23,0,1,0,0,1,0,1,1,0,0,0
1036,2,1,0,9560.0,0.0,0.0,1,36.0,2013.0,2015,1,14,3,0,1,0,0,1,0,1,1,0,0,0
419,5,0,0,1620.0,9.0,2009.0,0,0.0,0.0,2015,1,10,2,1,0,0,1,0,0,0,1,0,0,0
78,0,1,0,3510.0,11.0,2006.0,1,5.0,2013.0,2015,6,15,25,0,1,0,0,0,0,0,1,0,0,0
850,3,0,1,1120.0,5.0,2007.0,1,31.0,2013.0,2015,7,9,28,0,0,0,0,1,0,0,1,0,0,0
711,4,1,0,17110.0,3.0,2007.0,1,5.0,2010.0,2015,3,6,10,0,1,0,0,1,0,0,1,0,0,0
913,5,0,0,280.0,0.0,0.0,0,0.0,0.0,2015,4,25,17,1,0,0,0,0,0,0,1,0,0,0
791,3,0,0,5950.0,4.0,2007.0,0,0.0,0.0,2015,2,12,7,0,0,0,0,0,0,0,1,0,0,0
660,1,0,0,1200.0,11.0,2006.0,1,40.0,2014.0,2015,7,21,30,0,0,0,0,0,0,0,1,0,0,0
430,1,1,0,12870.0,10.0,2008.0,0,0.0,0.0,2015,2,3,6,0,1,0,0,1,0,1,1,0,0,0
259,4,1,0,210.0,0.0,0.0,0,0.0,0.0,2015,5,8,19,0,1,1,0,0,1,0,1,0,0,0
454,0,0,0,26450.0,0.0,0.0,0,0.0,0.0,2015,2,23,9,0,0,0,0,0,0,0,1,0,0,0
676,6,0,0,1410.0,9.0,2008.0,0,0.0,0.0,2015,2,1,5,1,0,1,0,0,1,0,1,0,0,0
77,1,0,0,1090.0,8.0,2009.0,1,10.0,2014.0,2015,3,10,11,0,0,0,0,1,0,1,1,0,0,0
783,1,0,1,15490.0,0.0,0.0,0,0.0,0.0,2015,7,21,30,0,0,0,0,1,0,1,1,0,0,0
960,4,1,1,8990.0,0.0,0.0,1,31.0,2009.0,2015,1,9,2,0,1,0,0,1,0,0,1,0,0,0
215,0,0,0,150.0,0.0,0.0,1,45.0,2009.0,2015,1,19,4,0,0,0,0,1,0,0,1,0,0,0
17,0,1,0,50.0,12.0,2005.0,1,26.0,2010.0,2015,5,4,19,0,1,0,0,0,0,0,1,0,0,0
452,2,1,0,1850.0,8.0,2013.0,1,5.0,2011.0,2015,3,18,12,0,1,0,0,0,0,1,1,0,0,0
1018,5,0,0,140.0,9.0,2012.0,0,0.0,0.0,2015,4,11,15,1,0,0,1,0,0,1,1,0,0,0
1096,3,1,1,1130.0,0.0,0.0,1,10.0,2014.0,2015,7,30,31,0,1,0,0,0,0,1,1,0,0,0
485,4,0,0,3270.0,0.0,0.0,1,22.0,2012.0,2015,6,12,24,0,0,0,0,1,0,1,1,0,0,0
1083,0,1,0,11540.0,0.0,0.0,1,5.0,2013.0,2015,2,16,8,0,1,0,0,1,0,1,1,0,0,0
399,1,1,0,5360.0,9.0,2012.0,1,40.0,2011.0,2015,2,3,6,0,1,0,0,0,0,0,1,0,0,0
943,0,0,0,18020.0,0.0,0.0,0,0.0,0.0,2015,3,9,11,0,0,0,0,1,0,1,1,0,0,0
154,3,1,0,16420.0,0.0,0.0,0,0.0,0.0,2015,2,5,6,0,1,0,0,1,0,1,1,0,0,0
177,4,1,1,1250.0,2.0,2004.0,1,5.0,2013.0,2015,2,6,6,0,1,0,0,0,0,0,1,0,0,0
353,5,0,0,900.0,0.0,0.0,1,14.0,2013.0,2015,5,2,18,1,0,1,0,0,1,0,1,0,0,0
458,3,0,0,3390.0,0.0,0.0,0,0.0,0.0,2015,3,12,11,0,0,0,1,0,0,0,1,0,0,0
565,5,0,0,160.0,7.0,2007.0,0,0.0,0.0,2015,3,28,13,1,0,0,0,0,0,1,1,0,0,0
874,5,0,0,3210.0,0.0,0.0,0,0.0,0.0,2015,1,31,5,1,0,0,0,0,0,0,1,0,0,0
550,5,0,0,50.0,6.0,2015.0,0,0.0,0.0,2015,1,10,2,1,0,0,0,1,0,1,1,0,0,0
452,4,1,0,1850.0,8.0,2013.0,1,5.0,2011.0,2015,2,6,6,0,1,0,0,0,0,1,1,0,0,0
834,4,1,0,3470.0,3.0,2012.0,0,0.0,0.0,2015,1,16,3,0,1,0,0,0,0,0,1,0,0,0
255,4,0,0,4630.0,3.0,2011.0,1,35.0,2011.0,2015,6,26,26,0,0,0,1,0,0,1,1,0,0,0
848,0,0,0,370.0,7.0,2007.0,1,14.0,2011.0,2015,3,23,13,0,0,0,0,0,0,1,1,0,0,0
228,0,1,0,10800.0,0.0,0.0,1,18.0,2011.0,2015,2,2,6,0,1,0,0,1,0,1,1,0,0,0
928,5,0,0,1090.0,0.0,0.0,1,31.0,2013.0,2015,5,16,20,1,0,0,0,1,0,1,1,0,0,0
336,2,1,0,190.0,7.0,2014.0,0,0.0,0.0,2015,1,14,3,0,1,0,0,0,0,0,1,0,0,0
401,3,1,0,9200.0,10.0,2009.0,1,14.0,2012.0,2015,7,2,27,0,1,0,0,0,0,1,1,0,0,0
1006,2,0,0,3890.0,11.0,2006.0,1,5.0,2013.0,2015,3,11,11,0,0,0,1,0,0,1,1,0,0,0
670,0,1,0,2060.0,0.0,0.0,1,45.0,2009.0,2015,4,27,18,0,1,0,0,0,0,0,1,0,0,0
514,0,0,0,1200.0,7.0,2012.0,1,27.0,2012.0,2015,7,6,28,0,0,0,1,0,0,1,1,0,0,0
602,3,1,0,2710.0,7.0,2001.0,1,22.0,2012.0,2015,2,5,6,0,1,0,0,0,0,0,1,0,0,0
570,3,1,0,180.0,11.0,2006.0,0,0.0,0.0,2015,6,18,25,0,1,0,0,0,0,0,1,0,0,0
715,4,0,0,14810.0,6.0,2014.0,0,0.0,0.0,2015,4,24,17,0,0,0,0,0,0,0,1,0,0,0
763,5,0,0,32240.0,3.0,2010.0,0,0.0,0.0,2015,3,7,10,1,0,0,0,1,0,1,1,0,0,0
980,1,1,0,4420.0,9.0,2005.0,0,0.0,0.0,2015,2,17,8,0,1,0,0,0,0,0,1,0,0,0
865,1,0,0,2640.0,0.0,0.0,0,0.0,0.0,2015,3,24,13,0,0,0,0,1,0,1,1,0,0,0
1014,0,1,0,210.0,0.0,0.0,1,31.0,2013.0,2015,1,12,3,0,1,0,0,0,0,1,1,0,0,0
965,3,0,0,110.0,0.0,0.0,0,0.0,0.0,2015,7,9,28,0,0,0,0,0,0,1,1,0,0,0
715,5,0,0,14810.0,6.0,2014.0,0,0.0,0.0,2015,3,28,13,1,0,0,0,0,0,0,1,0,0,0
393,5,0,0,4820.0,3.0,2008.0,0,0.0,0.0,2015,6,6,23,1,0,0,0,1,0,1,1,0,0,0
755,1,0,0,13130.0,12.0,2003.0,0,0.0,0.0,2015,4,21,17,0,0,0,0,1,0,1,1,0,0,0
22,3,1,0,1040.0,0.0,0.0,1,22.0,2012.0,2015,6,18,25,0,1,0,0,0,0,0,1,0,0,0
821,0,0,0,1700.0,9.0,2009.0,0,0.0,0.0,2015,7,6,28,0,0,0,0,0,0,0,1,0,0,0
902,5,0,0,310.0,5.0,2015.0,1,40.0,2014.0,2015,1,24,4,1,0,0,0,0,0,0,1,0,0,0
416,0,0,1,4650.0,6.0,2014.0,0,0.0,0.0,2015,7,20,30,0,0,0,0,0,0,1,1,0,0,0
932,2,1,1,15700.0,0.0,0.0,1,13.0,2010.0,2015,2,18,8,0,1,0,0,0,0,0,1,0,0,0
798,2,1,0,9560.0,4.0,2001.0,0,0.0,0.0,2015,5,20,21,0,1,0,0,0,0,0,1,0,0,0
597,0,1,1,150.0,9.0,2008.0,1,1.0,2012.0,2015,3,30,14,0,1,0,0,0,0,0,1,0,0,0
1072,0,1,1,5380.0,8.0,2015.0,1,5.0,2010.0,2015,7,27,31,0,1,0,0,0,0,1,1,0,0,0
275,1,0,0,300.0,5.0,2014.0,1,40.0,2014.0,2015,6,9,24,0,0,0,0,1,0,0,1,0,0,0
348,5,0,0,16490.0,0.0,0.0,1,22.0,2012.0,2015,6,13,24,1,0,0,0,0,0,0,1,0,0,0
605,2,0,1,10310.0,4.0,2003.0,1,37.0,2009.0,2015,4,8,15,0,0,0,0,1,0,0,1,0,0,0
142,0,0,0,1090.0,7.0,2002.0,0,0.0,0.0,2015,2,9,7,0,0,0,0,0,0,0,1,0,0,0
1110,5,0,0,900.0,9.0,2010.0,0,0.0,0.0,2015,1,17,3,1,0,0,1,0,0,1,1,0,0,0
340,1,0,0,8080.0,0.0,0.0,0,0.0,0.0,2015,2,24,9,0,0,0,0,0,0,1,1,0,0,0
599,3,0,0,580.0,11.0,2014.0,0,0.0,0.0,2015,6,11,24,0,0,0,0,1,0,1,1,0,0,0
52,5,0,0,450.0,4.0,2014.0,1,39.0,2010.0,2015,3,28,13,1,0,0,0,1,0,1,1,0,0,0
53,3,1,1,30360.0,9.0,2013.0,0,0.0,0.0,2015,7,30,31,0,1,0,0,0,0,1,1,0,0,0
354,0,1,0,1500.0,10.0,2005.0,0,0.0,0.0,2015,6,1,23,0,1,0,0,1,0,1,1,0,0,0
879,4,1,0,2320.0,0.0,0.0,1,5.0,2013.0,2015,1,16,3,0,1,0,0,1,0,0,1,0,0,0
67,2,1,1,410.0,2.0,2006.0,0,0.0,0.0,2015,6,3,23,0,1,0,0,0,0,1,1,0,0,0
705,5,0,0,4140.0,9.0,2012.0,1,18.0,2011.0,2015,6,13,24,1,0,0,0,0,0,0,1,0,0,0
658,4,1,0,520.0,0.0,0.0,1,37.0,2009.0,2015,5,22,21,0,1,0,0,1,0,1,1,0,0,0
858,1,1,0,3370.0,12.0,2008.0,1,40.0,2014.0,2015,4,28,18,0,1,0,0,0,0,0,1,0,0,0
886,5,0,0,12430.0,10.0,2004.0,0,0.0,0.0,2015,3,28,13,1,0,0,0,0,0,1,1,0,0,0
24,1,1,0,4590.0,3.0,2000.0,1,40.0,2011.0,2015,6,2,23,0,1,0,0,0,0,1,1,0,0,0
872,2,1,0,3860.0,9.0,2014.0,1,23.0,2015.0,2015,6,17,25,0,1,0,0,0,0,1,1,0,0,0
248,5,0,0,340.0,9.0,2012.0,1,40.0,2012.0,2015,2,7,6,1,0,0,0,0,0,1,1,0,0,0
1007,2,0,1,4180.0,9.0,2012.0,0,0.0,0.0,2015,7,22,30,0,0,0,1,0,0,1,1,0,0,0
475,0,1,0,140.0,9.0,2005.0,0,0.0,0.0,2015,1,26,5,0,1,0,0,0,0,0,1,0,0,0
285,4,0,0,2410.0,0.0,0.0,0,0.0,0.0,2015,3,27,13,0,0,0,0,0,0,0,1,0,0,0
461,5,0,0,1790.0,7.0,2013.0,1,40.0,2013.0,2015,4,11,15,1,0,0,0,1,0,1,1,0,0,0
457,0,0,0,13140.0,0.0,0.0,1,31.0,2013.0,2015,6,22,26,0,0,0,0,1,0,1,1,0,0,0
21,3,1,0,550.0,10.0,1999.0,1,45.0,2009.0,2015,4,16,16,0,1,0,1,0,0,1,1,0,0,0
334,3,0,0,4040.0,8.0,2008.0,1,18.0,2013.0,2015,6,11,24,0,0,0,0,1,0,1,1,0,0,0
794,5,0,0,5090.0,9.0,2006.0,0,0.0,0.0,2015,7,25,30,1,0,0,1,0,0,1,1,0,0,0
180,2,1,0,5800.0,9.0,2010.0,0,0.0,0.0,2015,4,29,18,0,1,0,0,1,0,0,1,0,0,0
151,2,1,0,4360.0,10.0,2005.0,0,0.0,0.0,2015,1,14,3,0,1,0,0,1,0,1,1,0,0,0
1087,2,0,0,2210.0,11.0,2011.0,0,0.0,0.0,2015,5,27,22,0,0,0,0,1,0,1,1,0,0,0
58,0,1,0,7340.0,5.0,2008.0,1,27.0,2012.0,2015,5,18,21,0,1,0,0,0,0,1,1,0,0,0
125,5,0,0,760.0,12.0,2005.0,0,0.0,0.0,2015,4,11,15,1,0,0,0,0,0,0,1,0,0,0
270,5,0,0,1450.0,7.0,2014.0,0,0.0,0.0,2015,1,24,4,1,0,0,0,0,0,0,1,0,0,0
1014,5,0,0,210.0,0.0,0.0,1,31.0,2013.0,2015,1,17,3,1,0,0,0,0,0,1,1,0,0,0
458,2,1,0,3390.0,0.0,0.0,0,0.0,0.0,2015,1,28,5,0,1,0,1,0,0,0,1,0,0,0
700,2,0,1,830.0,0.0,0.0,1,27.0,2013.0,2015,4,8,15,0,0,0,0,0,0,1,1,0,0,0
716,3,1,0,3200.0,1.0,2008.0,1,22.0,2011.0,2015,1,8,2,0,1,0,0,1,0,0,1,0,0,0
523,3,1,1,50.0,11.0,2013.0,0,0.0,0.0,2015,4,2,14,0,1,0,1,0,0,1,1,0,0,0
167,5,0,0,140.0,4.0,2008.0,0,0.0,0.0,2015,5,30,22,1,0,0,0,0,0,0,1,0,0,0
67,0,0,0,410.0,2.0,2006.0,0,0.0,0.0,2015,6,8,24,0,0,0,0,0,0,1,1,0,0,0
555,4,0,0,1560.0,1.0,2014.0,1,10.0,2013.0,2015,3,13,11,0,0,0,0,1,0,0,1,0,0,0
544,4,1,1,250.0,12.0,2001.0,1,13.0,2010.0,2015,7,31,31,0,1,0,0,0,0,0,1,0,0,0
247,2,0,0,70.0,11.0,2010.0,1,5.0,2013.0,2015,7,8,28,0,0,0,0,1,0,1,1,0,0,0
674,3,1,0,2640.0,12.0,2005.0,1,31.0,2013.0,2015,5,21,21,0,1,0,0,0,0,0,1,0,0,0
727,0,1,0,2050.0,3.0,2007.0,0,0.0,0.0,2015,1,26,5,0,1,0,0,0,0,0,1,0,0,0
222,2,1,0,2170.0,11.0,2008.0,0,0.0,0.0,2015,4,15,16,0,1,0,0,0,0,0,1,0,0,0
660,2,0,0,1200.0,11.0,2006.0,1,40.0,2014.0,2015,6,24,26,0,0,0,0,0,0,0,1,0,0,0
574,3,0,0,4400.0,0.0,0.0,0,0.0,0.0,2015,1,22,4,0,0,0,0,1,0,0,1,0,0,0
616,4,1,0,3040.0,8.0,2011.0,1,35.0,2010.0,2015,3,20,12,0,1,0,0,0,0,1,1,0,0,0
713,2,0,1,220.0,0.0,0.0,1,10.0,2014.0,2015,4,8,15,0,0,0,0,0,0,1,1,0,0,0
15,1,0,0,4110.0,3.0,2010.0,1,14.0,2011.0,2015,2,24,9,0,0,0,0,1,0,1,1,0,0,0
1027,3,1,0,190.0,6.0,2008.0,1,40.0,2011.0,2015,7,16,29,0,1,0,0,0,0,1,1,0,0,0
76,5,0,0,19960.0,3.0,2006.0,0,0.0,0.0,2015,6,20,25,1,0,0,0,1,0,1,1,0,0,0
116,5,0,0,680.0,4.0,2013.0,0,0.0,0.0,2015,4,25,17,1,0,0,0,0,0,0,1,0,0,0
682,5,0,0,150.0,9.0,2006.0,0,0.0,0.0,2015,4,18,16,1,0,1,0,0,0,0,1,0,0,0
572,2,1,0,9230.0,4.0,2004.0,1,37.0,2009.0,2015,1,7,2,0,1,0,0,1,0,1,1,0,0,0
36,4,1,0,540.0,6.0,2003.0,1,40.0,2014.0,2015,6,19,25,0,1,0,0,0,0,1,1,0,0,0
975,5,0,0,9630.0,0.0,0.0,1,14.0,2011.0,2015,1,10,2,1,0,0,0,0,0,1,1,0,0,0
881,1,0,1,180.0,3.0,2008.0,1,31.0,2013.0,2015,7,21,30,0,0,0,0,0,0,0,1,0,0,0
169,1,1,1,980.0,7.0,2014.0,1,18.0,2014.0,2015,7,14,29,0,1,0,0,1,0,0,1,0,0,0
1002,1,1,0,1130.0,11.0,2008.0,0,0.0,0.0,2015,4,14,16,0,1,0,0,1,0,1,1,0,0,0
923,1,0,1,280.0,9.0,2008.0,0,0.0,0.0,2015,5,26,22,0,0,0,0,0,0,0,1,0,0,0
861,0,0,0,740.0,0.0,0.0,1,14.0,2013.0,2015,4,20,17,0,0,0,1,0,0,1,1,0,0,0
137,2,1,1,1730.0,7.0,2015.0,1,40.0,2014.0,2015,6,3,23,0,1,0,0,0,0,0,1,0,0,0
744,4,0,1,1370.0,12.0,2011.0,1,40.0,2014.0,2015,4,10,15,0,0,0,0,0,0,0,1,0,0,0
330,1,0,0,370.0,0.0,0.0,1,22.0,2012.0,2015,1,20,4,0,0,0,0,0,0,1,1,0,0,0
898,2,0,0,18540.0,0.0,0.0,0,0.0,0.0,2015,3,11,11,0,0,0,0,0,0,0,1,0,0,0
133,3,0,0,270.0,8.0,2013.0,1,10.0,2014.0,2015,5,28,22,0,0,0,0,0,0,0,1,0,0,0
881,4,1,0,180.0,3.0,2008.0,1,31.0,2013.0,2015,6,19,25,0,1,0,0,0,0,0,1,0,0,0
296,4,0,0,9580.0,5.0,2007.0,1,45.0,2014.0,2015,7,10,28,0,0,0,0,0,0,0,1,0,0,0
607,5,0,0,350.0,8.0,1999.0,1,14.0,2011.0,2015,6,6,23,1,0,0,0,0,0,0,1,0,0,0
873,0,1,0,2040.0,11.0,2008.0,0,0.0,0.0,2015,1,5,2,0,1,0,0,0,0,0,1,0,0,0
171,3,1,1,2640.0,0.0,0.0,0,0.0,0.0,2015,7,30,31,0,1,0,0,0,0,0,1,0,0,0
42,3,1,1,290.0,0.0,0.0,1,40.0,2011.0,2015,7,2,27,0,1,0,0,0,0,1,1,0,0,0
1002,1,0,1,1130.0,11.0,2008.0,0,0.0,0.0,2015,7,21,30,0,0,0,0,1,0,1,1,0,0,0
876,5,0,0,21790.0,4.0,2005.0,1,18.0,2015.0,2015,1,31,5,1,0,0,0,0,0,0,1,0,0,0
277,0,0,0,7840.0,0.0,0.0,1,31.0,2009.0,2015,4,20,17,0,0,0,0,1,0,1,1,0,0,0
774,4,0,1,640.0,9.0,2013.0,0,0.0,0.0,2015,1,2,1,0,0,0,0,0,0,1,1,0,0,0
252,0,0,0,22330.0,0.0,0.0,1,5.0,2010.0,2015,5,11,20,0,0,0,0,1,0,1,1,0,0,0
534,3,1,0,1200.0,9.0,2009.0,1,45.0,2009.0,2015,1,29,5,0,1,0,0,1,0,0,1,0,0,0
995,3,1,1,6560.0,12.0,2013.0,0,0.0,0.0,2015,7,30,31,0,1,0,0,1,0,0,1,0,0,0
579,2,1,0,20970.0,11.0,2012.0,0,0.0,0.0,2015,5,6,19,0,1,0,1,0,0,0,1,0,0,0
204,3,1,1,5630.0,12.0,2002.0,1,40.0,2014.0,2015,2,19,8,0,1,0,0,0,0,0,1,0,0,0
941,1,1,0,1200.0,12.0,2011.0,1,31.0,2013.0,2015,5,5,19,0,1,0,0,0,0,0,1,0,0,0
702,0,0,0,8550.0,9.0,2001.0,1,45.0,2009.0,2015,3,23,13,0,0,0,0,0,0,0,1,0,0,0
320,3,1,0,210.0,9.0,2012.0,0,0.0,0.0,2015,2,5,6,0,1,0,0,0,0,1,1,0,0,0
773,4,1,0,200.0,0.0,0.0,0,0.0,0.0,2015,4,17,16,0,1,0,0,0,0,0,1,0,0,0
11,0,1,1,960.0,11.0,2011.0,1,1.0,2012.0,2015,4,13,16,0,1,0,0,0,0,1,1,0,0,0
846,5,0,0,8860.0,4.0,2004.0,1,37.0,2009.0,2015,5,30,22,1,0,0,0,0,0,1,1,0,0,0
416,1,1,1,4650.0,6.0,2014.0,0,0.0,0.0,2015,1,6,2,0,1,0,0,0,0,1,1,0,0,0
108,0,0,0,2190.0,9.0,2003.0,0,0.0,0.0,2015,3,23,13,0,0,0,0,1,0,1,1,0,0,0
1053,4,1,0,1710.0,7.0,2015.0,0,0.0,0.0,2015,1,9,2,0,1,0,0,0,0,0,1,0,0,0
600,2,1,1,17340.0,6.0,2010.0,1,9.0,2011.0,2015,7,29,31,0,1,0,0,1,0,1,1,0,0,0
1097,1,1,0,720.0,3.0,2002.0,0,0.0,0.0,2015,5,19,21,0,1,1,0,0,1,0,1,0,0,0
1059,2,1,0,3380.0,4.0,2013.0,0,0.0,0.0,2015,2,4,6,0,1,0,1,0,0,0,1,0,0,0
794,1,1,0,5090.0,9.0,2006.0,0,0.0,0.0,2015,6,16,25,0,1,0,1,0,0,1,1,0,0,0
12,0,0,0,1070.0,0.0,0.0,1,13.0,2010.0,2015,4,20,17,0,0,0,0,0,0,1,1,0,0,0
573,2,1,0,1190.0,11.0,2012.0,1,36.0,2013.0,2015,7,1,27,0,1,0,0,0,0,0,1,0,0,0
407,3,1,1,5890.0,10.0,2003.0,1,14.0,2011.0,2015,2,19,8,0,1,0,0,0,0,0,1,0,0,0
376,1,1,1,160.0,8.0,2012.0,0,0.0,0.0,2015,2,3,6,0,1,0,0,0,0,0,1,0,0,0
841,0,1,0,27650.0,8.0,2004.0,0,0.0,0.0,2015,6,15,25,0,1,0,0,0,0,0,1,0,0,0
438,1,0,0,1110.0,0.0,0.0,1,40.0,2012.0,2015,6,9,24,0,0,0,0,1,0,1,1,0,0,0
3,3,1,0,14130.0,12.0,2006.0,1,14.0,2011.0,2015,3,19,12,0,1,0,0,0,0,0,1,0,0,0
445,4,0,0,240.0,0.0,0.0,0,0.0,0.0,2015,3,13,11,0,0,0,0,0,0,0,1,0,0,0
1022,4,1,1,1520.0,0.0,0.0,0,0.0,0.0,2015,7,3,27,0,1,0,0,0,0,1,1,0,0,0
718,5,0,0,1100.0,6.0,2015.0,0,0.0,0.0,2015,6,13,24,1,0,0,0,0,0,0,1,0,0,0
920,0,1,0,850.0,2.0,2012.0,1,40.0,2014.0,2015,3,2,10,0,1,0,0,0,0,0,1,0,0,0
703,5,0,0,80.0,6.0,2005.0,0,0.0,0.0,2015,4,25,17,1,0,0,0,0,0,0,1,0,0,0
354,3,0,0,1500.0,10.0,2005.0,0,0.0,0.0,2015,6,11,24,0,0,0,0,1,0,1,1,0,0,0
214,5,0,0,8650.0,7.0,2013.0,1,10.0,2014.0,2015,1,17,3,1,0,0,0,1,0,0,1,0,0,0
763,3,0,0,32240.0,3.0,2010.0,0,0.0,0.0,2015,1,22,4,0,0,0,0,1,0,1,1,0,0,0
58,1,1,0,7340.0,5.0,2008.0,1,27.0,2012.0,2015,7,14,29,0,1,0,0,0,0,1,1,0,0,0
755,5,0,0,13130.0,12.0,2003.0,0,0.0,0.0,2015,2,7,6,1,0,0,0,1,0,1,1,0,0,0
307,3,1,0,18660.0,9.0,2002.0,0,0.0,0.0,2015,6,4,23,0,1,0,0,0,0,0,1,0,0,0
392,5,0,0,2120.0,0.0,0.0,0,0.0,0.0,2015,4,4,14,1,0,0,0,0,0,0,1,0,0,0
671,4,0,1,2070.0,2.0,2008.0,1,39.0,2010.0,2015,4,10,15,0,0,0,0,0,0,1,1,0,0,0
1088,1,1,0,4300.0,3.0,2009.0,1,27.0,2013.0,2015,3,17,12,0,1,0,0,0,0,0,1,0,0,0
1033,3,1,0,7680.0,3.0,2006.0,0,0.0,0.0,2015,1,29,5,0,1,0,0,0,0,0,1,0,0,0
42,0,1,0,290.0,0.0,0.0,1,40.0,2011.0,2015,4,27,18,0,1,0,0,0,0,1,1,0,0,0
454,4,1,0,26450.0,0.0,0.0,0,0.0,0.0,2015,6,19,25,0,1,0,0,0,0,0,1,0,0,0
981,0,0,0,2620.0,11.0,2002.0,0,0.0,0.0,2015,5,11,20,0,0,0,0,1,0,1,1,0,0,0
844,1,1,0,2030.0,9.0,2012.0,1,18.0,2011.0,2015,6,16,25,0,1,0,0,0,0,0,1,0,0,0
280,3,1,0,18640.0,9.0,2013.0,1,10.0,2014.0,2015,2,19,8,0,1,0,0,1,0,1,1,0,0,0
1006,0,0,0,3890.0,11.0,2006.0,1,5.0,2013.0,2015,6,22,26,0,0,0,1,0,0,1,1,0,0,0
179,3,0,0,480.0,0.0,0.0,0,0.0,0.0,2015,5,28,22,0,0,0,0,0,0,1,1,0,0,0
1029,1,0,0,1590.0,3.0,2006.0,0,0.0,0.0,2015,5,26,22,0,0,0,0,0,0,0,1,0,0,0
1049,1,0,0,370.0,7.0,2012.0,1,14.0,2011.0,2015,1,20,4,0,0,0,0,0,0,0,1,0,0,0
537,3,0,0,600.0,5.0,2002.0,1,1.0,2012.0,2015,7,9,28,0,0,0,0,0,0,0,1,0,0,0
924,2,0,1,6420.0,4.0,2011.0,1,1.0,2012.0,2015,4,8,15,0,0,0,0,0,0,0,1,0,0,0
720,3,1,0,15320.0,3.0,2011.0,1,14.0,2013.0,2015,2,5,6,0,1,0,0,0,0,1,1,0,0,0
203,1,1,1,490.0,11.0,2002.0,0,0.0,0.0,2015,5,19,21,0,1,0,1,0,0,1,1,0,0,0
133,4,1,1,270.0,8.0,2013.0,1,10.0,2014.0,2015,7,31,31,0,1,0,0,0,0,0,1,0,0,0
889,1,1,0,18670.0,12.0,2005.0,0,0.0,0.0,2015,3,31,14,0,1,0,0,1,0,0,1,0,0,0
259,2,0,0,210.0,0.0,0.0,0,0.0,0.0,2015,7,8,28,0,0,1,0,0,1,0,1,0,0,0
559,4,1,0,3910.0,11.0,2006.0,1,5.0,2013.0,2015,6,19,25,0,1,0,0,1,0,0,1,0,0,0
1091,3,0,0,9990.0,0.0,0.0,0,0.0,0.0,2015,6,25,26,0,0,0,0,0,0,1,1,0,0,0
88,2,0,1,10690.0,10.0,2005.0,0,0.0,0.0,2015,2,11,7,0,0,0,0,0,0,0,1,0,0,0
484,2,1,0,14300.0,3.0,2011.0,0,0.0,0.0,2015,6,3,23,0,1,0,0,0,0,1,1,0,0,0
514,5,0,0,1200.0,7.0,2012.0,1,27.0,2012.0,2015,7,18,29,1,0,0,1,0,0,1,1,0,0,0
829,0,1,1,110.0,0.0,0.0,0,0.0,0.0,2015,1,5,2,0,1,0,1,0,0,0,1,0,0,0
765,5,0,0,25430.0,5.0,1999.0,1,37.0,2009.0,2015,3,28,13,1,0,0,0,0,0,1,1,0,0,0
569,5,0,0,1340.0,9.0,2006.0,0,0.0,0.0,2015,7,18,29,1,0,0,0,0,0,0,1,0,0,0
765,1,1,0,25430.0,5.0,1999.0,1,37.0,2009.0,2015,5,19,21,0,1,0,0,0,0,1,1,0,0,0
875,5,0,0,5070.0,11.0,2007.0,1,18.0,2015.0,2015,7,18,29,1,0,0,0,1,0,0,1,0,0,0
883,4,1,0,3200.0,6.0,2005.0,0,0.0,0.0,2015,6,19,25,0,1,0,0,0,0,0,1,0,0,0
564,3,1,0,6540.0,0.0,0.0,1,14.0,2013.0,2015,5,7,19,0,1,0,0,1,0,1,1,0,0,0
49,5,0,0,18010.0,9.0,2007.0,0,0.0,0.0,2015,2,21,8,1,0,0,0,1,0,1,1,0,0,0
397,5,0,0,130.0,0.0,0.0,1,27.0,2013.0,2015,5,16,20,1,0,0,0,0,0,1,1,0,0,0
889,1,0,0,18670.0,12.0,2005.0,0,0.0,0.0,2015,6,9,24,0,0,0,0,1,0,0,1,0,0,0
867,0,1,0,21810.0,9.0,2012.0,0,0.0,0.0,2015,3,30,14,0,1,0,0,1,0,1,1,0,0,0
957,2,1,0,1420.0,11.0,2012.0,0,0.0,0.0,2015,7,15,29,0,1,0,0,1,0,1,1,0,0,0
580,2,1,0,170.0,2.0,2009.0,0,0.0,0.0,2015,4,29,18,0,1,0,0,0,0,1,1,0,0,0
996,3,0,1,2870.0,7.0,2015.0,1,13.0,2010.0,2015,7,23,30,0,0,0,1,0,0,0,1,0,0,0
400,0,0,0,70.0,11.0,2004.0,1,14.0,2011.0,2015,3,23,13,0,0,0,0,0,0,0,1,0,0,0
1040,0,1,0,4030.0,2.0,2013.0,1,10.0,2014.0,2015,4,27,18,0,1,0,0,0,0,0,1,0,0,0
366,0,1,1,6470.0,12.0,2004.0,0,0.0,0.0,2015,2,2,6,0,1,0,0,1,0,1,1,0,0,0
760,2,0,0,560.0,1.0,2011.0,0,0.0,0.0,2015,4,22,17,0,0,0,0,0,0,0,1,0,0,0
73,3,1,0,1650.0,9.0,2008.0,0,0.0,0.0,2015,1,15,3,0,1,0,0,0,0,1,1,0,0,0
1005,4,1,0,6480.0,0.0,0.0,0,0.0,0.0,2015,4,17,16,0,1,0,0,0,0,0,1,0,0,0
1066,1,1,1,3350.0,0.0,0.0,0,0.0,0.0,2015,1,6,2,0,1,0,0,0,0,0,1,0,0,0
21,3,0,1,550.0,10.0,1999.0,1,45.0,2009.0,2015,4,9,15,0,0,0,1,0,0,1,1,0,0,0
160,2,0,0,17110.0,11.0,2005.0,0,0.0,0.0,2015,1,21,4,0,0,0,0,1,0,1,1,0,0,0
903,2,0,0,7290.0,9.0,2014.0,0,0.0,0.0,2015,1,21,4,0,0,0,0,1,0,1,1,0,0,0
362,3,0,0,340.0,0.0,0.0,0,0.0,0.0,2015,4,23,17,0,0,0,1,0,0,1,1,0,0,0
256,0,0,0,80.0,9.0,2005.0,1,10.0,2014.0,2015,2,9,7,0,0,0,0,0,0,1,1,0,0,0
233,4,0,0,1890.0,0.0,0.0,0,0.0,0.0,2015,2,27,9,0,0,0,0,0,0,0,1,0,0,0
738,4,0,0,5980.0,10.0,2005.0,0,0.0,0.0,2015,6,12,24,0,0,0,0,1,0,1,1,0,0,0
341,5,0,0,190.0,9.0,2011.0,0,0.0,0.0,2015,4,11,15,1,0,0,0,0,0,0,1,0,0,0
952,2,1,0,6300.0,10.0,2013.0,0,0.0,0.0,2015,7,1,27,0,1,0,0,1,0,1,1,0,0,0
823,2,0,0,16210.0,11.0,2010.0,0,0.0,0.0,2015,6,24,26,0,0,0,0,0,0,1,1,0,0,0
529,1,1,0,12920.0,9.0,2012.0,0,0.0,0.0,2015,7,14,29,0,1,0,0,1,0,1,1,0,0,0
596,0,1,1,290.0,9.0,2006.0,0,0.0,0.0,2015,3,30,14,0,1,0,1,0,0,0,1,0,0,0
371,2,0,0,1970.0,7.0,2009.0,1,45.0,2014.0,2015,2,25,9,0,0,0,0,1,0,1,1,0,0,0
577,0,0,0,2270.0,0.0,0.0,1,35.0,2012.0,2015,1,19,4,0,0,0,0,0,0,1,1,0,0,0
1087,4,1,0,2210.0,11.0,2011.0,0,0.0,0.0,2015,3,20,12,0,1,0,0,1,0,1,1,0,0,0
978,1,0,0,3890.0,0.0,0.0,0,0.0,0.0,2015,1,20,4,0,0,0,1,0,0,1,1,0,0,0
6,5,0,0,310.0,12.0,2013.0,0,0.0,0.0,2015,1,10,2,1,0,0,0,0,0,0,1,0,0,0
1020,0,1,0,40.0,8.0,2015.0,0,0.0,0.0,2015,5,4,19,0,1,0,0,0,0,0,1,0,0,0
47,1,0,0,270.0,4.0,2013.0,1,14.0,2013.0,2015,1,20,4,0,0,0,0,0,0,1,1,0,0,0
226,2,0,0,450.0,0.0,0.0,0,0.0,0.0,2015,3,25,13,0,0,0,0,0,0,0,1,0,0,0
843,0,1,0,60.0,4.0,2006.0,0,0.0,0.0,2015,6,15,25,0,1,0,1,0,0,0,1,0,0,0
709,2,0,0,500.0,12.0,2010.0,0,0.0,0.0,2015,2,25,9,0,0,0,0,0,0,0,1,0,0,0
198,1,1,0,290.0,9.0,2002.0,1,13.0,2010.0,2015,6,16,25,0,1,0,0,0,0,0,1,0,0,0
901,3,0,0,3170.0,4.0,2014.0,0,0.0,0.0,2015,6,11,24,0,0,0,0,0,0,1,1,0,0,0
401,1,1,1,9200.0,10.0,2009.0,1,14.0,2012.0,2015,7,28,31,0,1,0,0,0,0,1,1,0,0,0
955,1,1,0,1690.0,7.0,2009.0,1,36.0,2013.0,2015,5,5,19,0,1,0,0,1,0,1,1,0,0,0
748,4,0,0,2380.0,3.0,2010.0,1,14.0,2011.0,2015,6,26,26,0,0,0,0,1,0,0,1,0,0,0
335,5,0,0,90.0,0.0,0.0,1,31.0,2013.0,2015,5,2,18,1,0,1,0,0,0,0,1,0,0,0
362,2,1,0,340.0,0.0,0.0,0,0.0,0.0,2015,7,15,29,0,1,0,1,0,0,1,1,0,0,0
329,1,0,0,1310.0,6.0,1990.0,1,22.0,2012.0,2015,2,10,7,0,0,0,0,0,0,0,1,0,0,0
240,3,1,1,1110.0,5.0,2009.0,0,0.0,0.0,2015,4,2,14,0,1,0,0,0,0,0,1,0,0,0
331,0,1,0,670.0,0.0,0.0,1,14.0,2015.0,2015,4,27,18,0,1,0,0,0,0,1,1,0,0,0
85,0,1,0,1870.0,10.0,2011.0,0,0.0,0.0,2015,3,2,10,0,1,1,0,0,0,0,1,0,0,0
896,3,0,0,170.0,9.0,2012.0,0,0.0,0.0,2015,3,12,11,0,0,0,0,0,0,1,1,0,0,0
76,2,0,1,19960.0,3.0,2006.0,0,0.0,0.0,2015,5,27,22,0,0,0,0,1,0,1,1,0,0,0
8,4,1,1,7520.0,10.0,2014.0,0,0.0,0.0,2015,7,31,31,0,1,0,0,0,0,0,1,0,0,0
415,0,1,1,6910.0,4.0,2005.0,0,0.0,0.0,2015,3,30,14,0,1,0,0,1,0,1,1,0,0,0
477,4,1,0,770.0,7.0,2010.0,1,35.0,2010.0,2015,7,31,31,0,1,0,0,1,0,0,1,0,0,0
305,0,0,0,2470.0,2.0,2005.0,1,31.0,2013.0,2015,3,9,11,0,0,0,1,0,0,1,1,0,0,0
846,4,0,0,8860.0,4.0,2004.0,1,37.0,2009.0,2015,2,13,7,0,0,0,0,0,0,1,1,0,0,0
180,2,1,1,5800.0,9.0,2010.0,0,0.0,0.0,2015,3,4,10,0,1,0,0,1,0,0,1,0,0,0
541,5,0,0,650.0,7.0,1990.0,0,0.0,0.0,2015,5,9,19,1,0,0,0,0,0,1,1,0,0,0
944,4,1,0,1670.0,7.0,2015.0,0,0.0,0.0,2015,5,22,21,0,1,0,1,0,0,0,1,0,0,0
1060,3,0,0,3430.0,0.0,0.0,1,31.0,2013.0,2015,5,28,22,0,0,0,0,0,0,1,1,0,0,0
623,0,1,0,4080.0,3.0,2011.0,1,13.0,2010.0,2015,4,13,16,0,1,0,0,0,0,0,1,0,0,0
509,0,0,0,4740.0,7.0,2008.0,1,37.0,2009.0,2015,7,20,30,0,0,0,0,0,0,0,1,0,0,0
955,1,0,1,1690.0,7.0,2009.0,1,36.0,2013.0,2015,7,7,28,0,0,0,0,1,0,1,1,0,0,0
11,2,0,0,960.0,11.0,2011.0,1,1.0,2012.0,2015,6,10,24,0,0,0,0,0,0,1,1,0,0,0
872,2,1,0,3860.0,9.0,2014.0,1,23.0,2015.0,2015,1,7,2,0,1,0,0,0,0,1,1,0,0,0
1000,4,0,1,2230.0,5.0,2009.0,1,40.0,2014.0,2015,1,2,1,0,0,0,0,0,0,1,1,0,0,0
208,2,1,0,300.0,4.0,2006.0,0,0.0,0.0,2015,3,4,10,0,1,0,1,0,0,0,1,0,0,0
205,1,0,0,110.0,12.0,2007.0,0,0.0,0.0,2015,5,12,20,0,0,0,0,0,0,0,1,0,0,0
303,0,1,0,15430.0,11.0,2012.0,1,18.0,2011.0,2015,3,2,10,0,1,0,0,0,0,0,1,0,0,0
261,3,0,1,15340.0,4.0,2015.0,1,39.0,2009.0,2015,7,23,30,0,0,0,0,1,0,1,1,0,0,0
995,4,0,0,6560.0,12.0,2013.0,0,0.0,0.0,2015,1,23,4,0,0,0,0,1,0,0,1,0,0,0
1066,4,1,1,3350.0,0.0,0.0,0,0.0,0.0,2015,7,3,27,0,1,0,0,0,0,0,1,0,0,0
875,1,0,0,5070.0,11.0,2007.0,1,18.0,2015.0,2015,3,24,13,0,0,0,0,1,0,0,1,0,0,0
773,5,0,0,200.0,0.0,0.0,0,0.0,0.0,2015,4,18,16,1,0,0,0,0,0,0,1,0,0,0
1049,1,1,0,370.0,7.0,2012.0,1,14.0,2011.0,2015,5,5,19,0,1,0,0,0,0,0,1,0,0,0
936,5,0,0,580.0,2.0,2008.0,0,0.0,0.0,2015,4,18,16,1,0,0,0,0,0,0,1,0,0,0
439,4,0,0,1350.0,9.0,2009.0,0,0.0,0.0,2015,7,10,28,0,0,0,0,0,0,0,1,0,0,0
716,3,0,0,3200.0,1.0,2008.0,1,22.0,2011.0,2015,6,25,26,0,0,0,0,1,0,0,1,0,0,0
66,2,1,0,7660.0,0.0,0.0,1,37.0,2009.0,2015,3,18,12,0,1,0,0,1,0,0,1,0,0,0
53,5,0,0,30360.0,9.0,2013.0,0,0.0,0.0,2015,7,11,28,1,0,0,0,0,0,1,1,0,0,0
235,4,1,1,5710.0,3.0,2012.0,1,37.0,2009.0,2015,7,31,31,0,1,0,0,0,0,0,1,0,0,0
348,5,0,0,16490.0,0.0,0.0,1,22.0,2012.0,2015,1,31,5,1,0,0,0,0,0,0,1,0,0,0
556,4,1,0,1140.0,11.0,2014.0,0,0.0,0.0,2015,6,19,25,0,1,0,0,1,0,1,1,0,0,0
787,1,0,1,3210.0,6.0,2009.0,0,0.0,0.0,2015,2,10,7,0,0,0,1,0,0,1,1,0,0,0
746,4,0,1,4330.0,2.0,2011.0,1,35.0,2011.0,2015,4,10,15,0,0,0,0,1,0,1,1,0,0,0
249,3,0,0,18010.0,9.0,2014.0,0,0.0,0.0,2015,2,12,7,0,0,0,0,1,0,1,1,0,0,0
218,3,1,0,640.0,0.0,0.0,1,9.0,2011.0,2015,1,29,5,0,1,0,0,0,0,1,1,0,0,0
28,0,1,0,1200.0,10.0,2014.0,1,6.0,2015.0,2015,6,29,27,0,1,0,0,0,0,0,1,0,0,0
409,3,0,0,840.0,0.0,0.0,1,1.0,2013.0,2015,6,11,24,0,0,0,0,1,0,1,1,0,0,0
299,2,0,0,38630.0,9.0,2012.0,0,0.0,0.0,2015,7,8,28,0,0,0,0,1,0,1,1,0,0,0
154,1,0,0,16420.0,0.0,0.0,0,0.0,0.0,2015,7,7,28,0,0,0,0,1,0,1,1,0,0,0
683,4,0,1,2850.0,7.0,2014.0,0,0.0,0.0,2015,5,15,20,0,0,0,0,0,0,0,1,0,0,0
862,5,0,0,2840.0,3.0,2010.0,1,14.0,2011.0,2015,1,17,3,1,0,0,0,0,0,1,1,0,0,0
135,1,1,0,5190.0,0.0,0.0,1,1.0,2013.0,2015,6,2,23,0,1,0,0,1,0,0,1,0,0,0
810,3,0,0,9640.0,11.0,2013.0,0,0.0,0.0,2015,4,23,17,0,0,0,0,1,0,1,1,0,0,0
588,5,0,0,15720.0,3.0,2010.0,0,0.0,0.0,2015,3,7,10,1,0,0,0,1,0,1,1,0,0,0
988,1,1,0,30.0,11.0,2012.0,0,0.0,0.0,2015,2,3,6,0,1,0,0,0,0,0,1,0,0,0
808,5,0,0,18620.0,0.0,0.0,1,31.0,2009.0,2015,3,7,10,1,0,0,0,0,0,0,1,0,0,0
917,3,0,0,7240.0,2.0,2010.0,0,0.0,0.0,2015,6,25,26,0,0,0,0,0,0,0,1,0,0,0
759,1,0,0,110.0,11.0,2012.0,1,31.0,2013.0,2015,3,24,13,0,0,0,0,0,0,0,1,0,0,0
92,2,0,0,240.0,0.0,0.0,1,45.0,2009.0,2015,3,25,13,0,0,0,1,0,0,0,1,0,0,0
1092,2,0,0,300.0,7.0,2000.0,1,40.0,2014.0,2015,1,21,4,0,0,0,0,0,0,0,1,0,0,0
909,2,0,0,1680.0,0.0,0.0,1,45.0,2009.0,2015,7,22,30,0,0,0,0,0,0,1,1,0,0,0
877,5,0,0,29190.0,0.0,0.0,0,0.0,0.0,2015,1,31,5,1,0,0,0,0,0,1,1,0,0,0
745,5,0,0,17650.0,11.0,2013.0,1,37.0,2009.0,2015,4,4,14,1,0,0,0,0,0,0,1,0,0,0
101,1,1,0,2440.0,0.0,0.0,1,22.0,2012.0,2015,6,16,25,0,1,0,0,1,0,1,1,0,0,0
239,1,0,1,610.0,0.0,0.0,0,0.0,0.0,2015,7,7,28,0,0,0,0,1,0,1,1,0,0,0
667,1,1,0,2870.0,9.0,2012.0,0,0.0,0.0,2015,7,14,29,0,1,0,0,1,0,1,1,0,0,0
163,2,0,0,1480.0,4.0,2009.0,0,0.0,0.0,2015,4,22,17,0,0,0,0,0,0,0,1,0,0,0
668,4,0,0,1270.0,9.0,2010.0,0,0.0,0.0,2015,1,23,4,0,0,0,1,0,0,0,1,0,0,0
360,4,1,0,2040.0,6.0,2007.0,0,0.0,0.0,2015,2,20,8,0,1,0,0,0,0,0,1,0,0,0
289,5,0,0,6540.0,12.0,2007.0,0,0.0,0.0,2015,2,14,7,1,0,0,0,1,0,0,1,0,0,0
767,4,1,0,13080.0,0.0,0.0,0,0.0,0.0,2015,1,16,3,0,1,0,0,0,0,1,1,0,0,0
612,2,0,0,2490.0,11.0,2012.0,1,31.0,2009.0,2015,2,11,7,0,0,0,0,1,0,1,1,0,0,0
817,0,0,0,140.0,3.0,2006.0,0,0.0,0.0,2015,1,19,4,0,0,0,0,0,0,0,1,0,0,0
632,5,0,0,3350.0,2.0,2010.0,0,0.0,0.0,2015,2,7,6,1,0,0,0,0,0,0,1,0,0,0
362,3,1,0,340.0,0.0,0.0,0,0.0,0.0,2015,6,18,25,0,1,0,1,0,0,1,1,0,0,0
837,1,0,0,14600.0,4.0,2015.0,0,0.0,0.0,2015,2,24,9,0,0,0,0,0,0,1,1,0,0,0
133,2,0,0,270.0,8.0,2013.0,1,10.0,2014.0,2015,2,25,9,0,0,0,0,0,0,0,1,0,0,0
154,1,1,0,16420.0,0.0,0.0,0,0.0,0.0,2015,5,19,21,0,1,0,0,1,0,1,1,0,0,0
274,3,1,0,3640.0,0.0,0.0,1,10.0,2013.0,2015,3,5,10,0,1,1,0,0,1,0,1,0,0,0
827,2,1,0,250.0,1.0,2005.0,0,0.0,0.0,2015,3,4,10,0,1,0,0,0,0,1,1,0,0,0
705,0,1,1,4140.0,9.0,2012.0,1,18.0,2011.0,2015,3,30,14,0,1,0,0,0,0,0,1,0,0,0
387,4,0,1,210.0,0.0,0.0,1,36.0,2013.0,2015,1,2,1,0,0,0,1,0,0,0,1,0,0,0
199,3,0,0,6360.0,12.0,2010.0,1,14.0,2012.0,2015,7,9,28,0,0,0,0,1,0,1,1,0,0,0
20,5,0,0,2340.0,5.0,2009.0,1,40.0,2014.0,2015,4,25,17,1,0,0,0,1,0,0,1,0,0,0
69,0,0,0,1130.0,0.0,0.0,1,40.0,2011.0,2015,1,19,4,0,0,0,1,0,0,1,1,0,0,0
513,5,0,0,400.0,8.0,2013.0,0,0.0,0.0,2015,4,11,15,1,0,0,0,0,0,0,1,0,0,0
1053,0,0,0,1710.0,7.0,2015.0,0,0.0,0.0,2015,1,19,4,0,0,0,0,0,0,0,1,0,0,0
974,1,0,0,150.0,3.0,2011.0,1,40.0,2014.0,2015,5,12,20,0,0,0,0,0,0,0,1,0,0,0
1061,5,0,0,8110.0,0.0,0.0,0,0.0,0.0,2015,1,10,2,1,0,0,0,1,0,1,1,0,0,0
249,5,0,0,18010.0,9.0,2014.0,0,0.0,0.0,2015,5,30,22,1,0,0,0,1,0,1,1,0,0,0
39,2,0,0,260.0,10.0,2006.0,1,31.0,2013.0,2015,6,24,26,0,0,0,0,0,0,0,1,0,0,0
699,0,1,1,180.0,0.0,0.0,1,5.0,2013.0,2015,3,30,14,0,1,0,0,0,0,0,1,0,0,0
370,2,0,0,8250.0,10.0,2000.0,1,31.0,2009.0,2015,2,11,7,0,0,0,0,1,0,0,1,0,0,0
904,2,1,0,570.0,7.0,2013.0,1,14.0,2011.0,2015,4,15,16,0,1,0,0,1,0,1,1,0,0,0
207,1,0,0,6870.0,0.0,0.0,0,0.0,0.0,2015,5,12,20,0,0,0,0,0,0,0,1,0,0,0
817,3,1,0,140.0,3.0,2006.0,0,0.0,0.0,2015,1,15,3,0,1,0,0,0,0,0,1,0,0,0
49,4,0,1,18010.0,9.0,2007.0,0,0.0,0.0,2015,4,10,15,0,0,0,0,1,0,1,1,0,0,0
232,5,0,0,13570.0,5.0,2010.0,1,10.0,2013.0,2015,4,18,16,1,0,0,1,0,0,1,1,0,0,0
446,3,0,0,340.0,10.0,2000.0,1,31.0,2013.0,2015,3,12,11,0,0,0,0,0,0,0,1,0,0,0
610,2,0,0,660.0,1.0,2007.0,0,0.0,0.0,2015,6,10,24,0,0,0,0,0,0,0,1,0,0,0
389,2,1,0,6690.0,8.0,2011.0,0,0.0,0.0,2015,4,1,14,0,1,0,0,0,0,1,1,0,0,0
418,1,1,0,1060.0,5.0,2009.0,1,27.0,2011.0,2015,6,16,25,0,1,0,0,0,0,0,1,0,0,0
778,2,1,1,340.0,6.0,2003.0,1,40.0,2014.0,2015,2,18,8,0,1,0,0,0,0,0,1,0,0,0
941,1,0,0,1200.0,12.0,2011.0,1,31.0,2013.0,2015,2,10,7,0,0,0,0,0,0,0,1,0,0,0
749,2,1,0,3410.0,8.0,2011.0,1,14.0,2015.0,2015,2,18,8,0,1,0,0,0,0,0,1,0,0,0
48,2,1,0,1060.0,5.0,2012.0,0,0.0,0.0,2015,6,3,23,0,1,0,0,0,0,0,1,0,0,0
722,1,1,1,50.0,0.0,0.0,0,0.0,0.0,2015,2,3,6,0,1,0,0,0,0,0,1,0,0,0
448,5,0,0,3970.0,9.0,2009.0,0,0.0,0.0,2015,1,3,1,1,0,0,0,0,0,1,1,0,0,0
1114,0,0,0,870.0,0.0,0.0,0,0.0,0.0,2015,6,8,24,0,0,0,0,0,0,1,1,0,0,0
99,0,0,0,2030.0,11.0,2003.0,1,22.0,2012.0,2015,3,23,13,0,0,0,1,0,0,1,1,0,0,0
20,4,1,0,2340.0,5.0,2009.0,1,40.0,2014.0,2015,5,8,19,0,1,0,0,1,0,0,1,0,0,0
764,2,0,0,26490.0,0.0,0.0,1,10.0,2014.0,2015,6,24,26,0,0,0,0,0,0,1,1,0,0,0
1091,2,0,0,9990.0,0.0,0.0,0,0.0,0.0,2015,3,25,13,0,0,0,0,0,0,1,1,0,0,0
152,2,1,0,1780.0,0.0,0.0,0,0.0,0.0,2015,6,3,23,0,1,0,0,0,0,0,1,0,0,0
168,2,1,0,12540.0,0.0,0.0,0,0.0,0.0,2015,7,29,31,0,1,0,0,0,0,0,1,0,0,0
422,5,0,0,2880.0,0.0,0.0,0,0.0,0.0,2015,1,24,4,1,0,0,0,0,0,1,1,0,0,0
493,0,1,1,1150.0,0.0,0.0,1,14.0,2011.0,2015,1,5,2,0,1,0,0,1,0,1,1,0,0,0
918,2,0,0,18710.0,4.0,2015.0,0,0.0,0.0,2015,5,13,20,0,0,0,0,0,0,1,1,0,0,0
853,1,0,0,14040.0,0.0,0.0,0,0.0,0.0,2015,7,21,30,0,0,0,0,0,0,0,1,0,0,0
379,1,1,1,6630.0,0.0,0.0,0,0.0,0.0,2015,3,31,14,0,1,0,0,1,0,0,1,0,0,0
1092,4,1,0,300.0,7.0,2000.0,1,40.0,2014.0,2015,7,31,31,0,1,0,0,0,0,0,1,0,0,0
1023,1,0,1,3740.0,2.0,2002.0,1,14.0,2011.0,2015,7,21,30,0,0,0,1,0,0,0,1,0,0,0
47,2,1,0,270.0,4.0,2013.0,1,14.0,2013.0,2015,5,20,21,0,1,0,0,0,0,1,1,0,0,0
835,5,0,0,2890.0,12.0,2007.0,1,10.0,2014.0,2015,2,21,8,1,0,0,0,0,0,0,1,0,0,0
988,4,1,0,30.0,11.0,2012.0,0,0.0,0.0,2015,3,6,10,0,1,0,0,0,0,0,1,0,0,0
855,5,0,0,3440.0,0.0,0.0,1,45.0,2009.0,2015,2,28,9,1,0,0,0,0,0,0,1,0,0,0
259,3,1,0,210.0,0.0,0.0,0,0.0,0.0,2015,6,4,23,0,1,1,0,0,1,0,0,1,0,0
730,5,0,0,1190.0,9.0,2013.0,0,0.0,0.0,2015,3,14,11,1,0,0,1,0,0,0,1,0,0,0
795,4,0,0,510.0,0.0,0.0,1,35.0,2010.0,2015,6,12,24,0,0,0,0,1,0,0,1,0,0,0
343,4,1,0,18650.0,4.0,2004.0,1,14.0,2014.0,2015,6,5,23,0,1,0,0,1,0,0,1,0,0,0
961,5,0,0,9430.0,0.0,0.0,0,0.0,0.0,2015,4,25,17,1,0,0,0,1,0,1,1,0,0,0
441,0,1,0,2530.0,0.0,0.0,0,0.0,0.0,2015,2,16,8,0,1,0,0,1,0,0,1,0,0,0
54,2,0,0,7170.0,8.0,2014.0,1,5.0,2013.0,2015,3,11,11,0,0,0,0,1,0,1,1,0,0,0
582,0,1,0,120.0,0.0,0.0,0,0.0,0.0,2015,2,2,6,0,1,0,0,0,0,0,1,0,0,0
539,2,1,0,770.0,5.0,2013.0,1,40.0,2014.0,2015,1,28,5,0,1,0,0,0,0,0,1,0,0,0
632,0,1,0,3350.0,2.0,2010.0,0,0.0,0.0,2015,6,1,23,0,1,0,0,0,0,0,1,0,0,0
691,0,0,0,3030.0,0.0,0.0,1,37.0,2009.0,2015,6,22,26,0,0,0,0,1,0,1,1,0,0,0
583,3,1,1,2640.0,11.0,2002.0,0,0.0,0.0,2015,5,21,21,0,1,0,0,0,0,0,1,0,0,0
423,4,0,0,1270.0,5.0,2014.0,0,0.0,0.0,2015,7,10,28,0,0,1,0,0,0,0,1,0,0,0
1057,3,0,1,3230.0,11.0,2011.0,0,0.0,0.0,2015,4,9,15,0,0,0,0,1,0,1,1,0,0,0
814,3,0,1,24530.0,7.0,2013.0,0,0.0,0.0,2015,7,23,30,0,0,0,0,1,0,1,1,0,0,0
910,4,1,1,12480.0,0.0,0.0,1,1.0,2013.0,2015,7,17,29,0,1,0,0,1,0,1,1,0,0,0
55,2,1,0,720.0,11.0,2004.0,0,0.0,0.0,2015,3,4,10,0,1,0,0,0,0,0,1,0,0,0
44,5,0,0,540.0,6.0,2011.0,0,0.0,0.0,2015,7,18,29,1,0,0,0,0,0,0,1,0,0,0
948,2,0,0,1430.0,0.0,0.0,0,0.0,0.0,2015,6,24,26,0,0,1,0,0,1,0,1,0,0,0
883,3,1,1,3200.0,6.0,2005.0,0,0.0,0.0,2015,7,16,29,0,1,0,0,0,0,0,1,0,0,0
956,2,0,1,2330.0,10.0,2014.0,1,18.0,2011.0,2015,4,8,15,0,0,0,0,0,0,0,1,0,0,0
883,1,0,0,3200.0,6.0,2005.0,0,0.0,0.0,2015,5,12,20,0,0,0,0,0,0,0,1,0,0,0
859,4,1,0,21770.0,7.0,2015.0,0,0.0,0.0,2015,3,20,12,0,1,0,1,0,0,0,1,0,0,0
208,5,0,0,300.0,4.0,2006.0,0,0.0,0.0,2015,4,18,16,1,0,0,1,0,0,0,1,0,0,0
1004,4,0,0,970.0,0.0,0.0,1,9.0,2011.0,2015,6,26,26,0,0,0,0,1,0,1,1,0,0,0
919,0,1,0,2620.0,0.0,0.0,1,45.0,2009.0,2015,6,29,27,0,1,0,0,0,0,0,1,0,0,0
633,2,1,0,11640.0,4.0,2005.0,1,22.0,2011.0,2015,1,28,5,0,1,0,0,1,0,0,1,0,0,0
810,4,0,0,9640.0,11.0,2013.0,0,0.0,0.0,2015,1,23,4,0,0,0,0,1,0,1,1,0,0,0
302,0,1,0,2190.0,12.0,2007.0,1,9.0,2011.0,2015,7,13,29,0,1,0,0,1,0,1,1,0,0,0
700,3,1,0,830.0,0.0,0.0,1,27.0,2013.0,2015,7,2,27,0,1,0,0,0,0,1,1,0,0,0
716,3,0,0,3200.0,1.0,2008.0,1,22.0,2011.0,2015,3,26,13,0,0,0,0,1,0,0,1,0,0,0
1036,3,1,0,9560.0,0.0,0.0,1,36.0,2013.0,2015,4,30,18,0,1,0,0,1,0,1,1,0,0,0
1100,4,0,1,540.0,0.0,0.0,1,14.0,2011.0,2015,7,24,30,0,0,0,0,0,0,0,1,0,0,0
5,4,1,0,29910.0,4.0,2015.0,0,0.0,0.0,2015,6,19,25,0,1,0,0,0,0,0,1,0,0,0
755,0,1,0,13130.0,12.0,2003.0,0,0.0,0.0,2015,4,13,16,0,1,0,0,1,0,1,1,0,0,0
933,3,1,0,6270.0,2.0,2005.0,0,0.0,0.0,2015,4,30,18,0,1,0,0,0,0,1,1,0,0,0
203,0,0,0,490.0,11.0,2002.0,0,0.0,0.0,2015,6,22,26,0,0,0,1,0,0,1,1,0,0,0
1047,0,1,1,3750.0,0.0,0.0,1,45.0,2009.0,2015,7,27,31,0,1,0,0,0,0,0,1,0,0,0
1083,4,1,0,11540.0,0.0,0.0,1,5.0,2013.0,2015,3,6,10,0,1,0,0,1,0,1,1,0,0,0
580,2,1,1,170.0,2.0,2009.0,0,0.0,0.0,2015,7,29,31,0,1,0,0,0,0,1,1,0,0,0
337,5,0,0,10600.0,7.0,2005.0,1,45.0,2014.0,2015,3,7,10,1,0,0,0,1,0,1,1,0,0,0
958,0,1,0,440.0,11.0,2013.0,0,0.0,0.0,2015,1,5,2,0,1,0,0,0,0,0,1,0,0,0
14,3,1,0,1300.0,3.0,2014.0,1,40.0,2011.0,2015,2,19,8,0,1,0,0,0,0,0,1,0,0,0
557,2,1,0,250.0,0.0,0.0,0,0.0,0.0,2015,5,20,21,0,1,0,0,0,0,0,1,0,0,0
513,3,1,0,400.0,8.0,2013.0,0,0.0,0.0,2015,1,15,3,0,1,0,0,0,0,0,1,0,0,0
780,2,1,1,18160.0,0.0,0.0,0,0.0,0.0,2015,7,29,31,0,1,0,0,0,0,0,1,0,0,0
68,4,1,0,250.0,0.0,0.0,1,35.0,2012.0,2015,6,19,25,0,1,0,0,0,0,1,1,0,0,0
656,4,1,0,410.0,4.0,2009.0,1,13.0,2010.0,2015,3,20,12,0,1,0,0,1,0,0,1,0,0,0
53,1,0,1,30360.0,9.0,2013.0,0,0.0,0.0,2015,7,21,30,0,0,0,0,0,0,1,1,0,0,0
970,1,1,0,910.0,12.0,2014.0,1,37.0,2009.0,2015,6,30,27,0,1,0,0,0,0,0,1,0,0,0
935,2,1,0,22350.0,6.0,2010.0,0,0.0,0.0,2015,7,15,29,0,1,0,0,0,0,1,1,0,0,0
191,1,0,0,1100.0,8.0,2013.0,1,40.0,2014.0,2015,5,12,20,0,0,0,0,0,0,0,1,0,0,0
1010,1,1,1,4610.0,6.0,2010.0,1,18.0,2010.0,2015,4,14,16,0,1,0,0,1,0,1,1,0,0,0
878,1,1,0,1100.0,12.0,2014.0,0,0.0,0.0,2015,3,17,12,0,1,0,0,1,0,1,1,0,0,0
1004,2,1,0,970.0,0.0,0.0,1,9.0,2011.0,2015,7,29,31,0,1,0,0,1,0,1,1,0,0,0
689,0,0,0,15040.0,10.0,2004.0,0,0.0,0.0,2015,3,23,13,0,0,0,0,1,0,0,1,0,0,0
874,1,1,0,3210.0,0.0,0.0,0,0.0,0.0,2015,1,13,3,0,1,0,0,0,0,0,1,0,0,0
377,2,1,0,100.0,6.0,2010.0,1,18.0,2010.0,2015,5,6,19,0,1,0,0,0,0,1,1,0,0,0
389,4,0,0,6690.0,8.0,2011.0,0,0.0,0.0,2015,6,26,26,0,0,0,0,0,0,1,1,0,0,0
11,0,1,0,960.0,11.0,2011.0,1,1.0,2012.0,2015,2,16,8,0,1,0,0,0,0,1,1,0,0,0
340,5,0,0,8080.0,0.0,0.0,0,0.0,0.0,2015,7,4,27,1,0,0,0,0,0,1,1,0,0,0
951,0,1,0,710.0,0.0,0.0,1,40.0,2011.0,2015,4,13,16,0,1,0,0,1,0,1,1,0,0,0
1103,3,1,0,1340.0,10.0,2006.0,1,5.0,2013.0,2015,4,30,18,0,1,0,0,1,0,1,1,0,0,0
435,0,1,1,910.0,0.0,0.0,0,0.0,0.0,2015,1,5,2,0,1,0,0,0,0,0,1,0,0,0
561,3,0,0,14300.0,0.0,0.0,0,0.0,0.0,2015,3,12,11,0,0,0,0,1,0,0,1,0,0,0
222,2,1,0,2170.0,11.0,2008.0,0,0.0,0.0,2015,2,18,8,0,1,0,0,0,0,0,1,0,0,0
68,5,0,0,250.0,0.0,0.0,1,35.0,2012.0,2015,7,4,27,1,0,0,0,0,0,1,1,0,0,0
1091,5,0,0,9990.0,0.0,0.0,0,0.0,0.0,2015,3,7,10,1,0,0,0,0,0,1,1,0,0,0
71,1,1,0,17500.0,8.0,2008.0,1,37.0,2009.0,2015,2,17,8,0,1,0,0,0,0,0,1,0,0,0
879,5,0,0,2320.0,0.0,0.0,1,5.0,2013.0,2015,4,11,15,1,0,0,0,1,0,0,1,0,0,0
635,3,0,1,27530.0,4.0,2014.0,0,0.0,0.0,2015,2,12,7,0,0,0,0,0,0,0,1,0,0,0
864,2,0,0,1020.0,10.0,2012.0,1,45.0,2009.0,2015,3,25,13,0,0,0,0,0,0,0,1,0,0,0
821,4,0,1,1700.0,9.0,2009.0,0,0.0,0.0,2015,5,15,20,0,0,0,0,0,0,0,1,0,0,0
771,5,0,0,20640.0,9.0,2007.0,0,0.0,0.0,2015,7,11,28,1,0,0,0,0,0,0,1,0,0,0
169,2,0,1,980.0,7.0,2014.0,1,18.0,2014.0,2015,7,8,28,0,0,0,0,1,0,0,1,0,0,0
105,4,1,0,6190.0,0.0,0.0,1,23.0,2013.0,2015,4,17,16,0,1,0,0,0,0,1,1,0,0,0
724,5,0,0,5900.0,0.0,0.0,0,0.0,0.0,2015,7,25,30,1,0,0,0,1,0,1,1,0,0,0
1087,1,1,0,2210.0,11.0,2011.0,0,0.0,0.0,2015,5,5,19,0,1,0,0,1,0,1,1,0,0,0
927,3,0,0,480.0,0.0,0.0,0,0.0,0.0,2015,2,12,7,0,0,0,0,0,0,0,1,0,0,0
804,1,1,1,2100.0,0.0,0.0,1,1.0,2013.0,2015,3,31,14,0,1,0,1,0,0,1,1,0,0,0
339,5,0,0,2280.0,0.0,0.0,1,10.0,2013.0,2015,1,31,5,1,0,0,0,0,0,1,1,0,0,0
503,3,1,0,13080.0,9.0,2006.0,1,14.0,2011.0,2015,4,30,18,0,1,0,0,1,0,1,1,0,0,0
17,1,1,1,50.0,12.0,2005.0,1,26.0,2010.0,2015,7,14,29,0,1,0,0,0,0,0,1,0,0,0
160,5,0,0,17110.0,11.0,2005.0,0,0.0,0.0,2015,5,2,18,1,0,0,0,1,0,1,1,0,0,0
361,1,1,0,4490.0,5.0,2014.0,1,5.0,2013.0,2015,6,30,27,0,1,0,1,0,0,1,1,0,0,0
1050,1,1,1,13170.0,8.0,2014.0,1,9.0,2011.0,2015,1,6,2,0,1,0,0,1,0,1,1,0,0,0
639,2,1,0,7780.0,11.0,2006.0,0,0.0,0.0,2015,4,29,18,0,1,0,0,0,0,0,1,0,0,0
187,5,0,0,19360.0,0.0,0.0,0,0.0,0.0,2015,4,4,14,1,0,0,0,0,0,1,1,0,0,0
545,4,0,0,5020.0,5.0,2006.0,1,18.0,2014.0,2015,6,12,24,0,0,0,0,0,0,1,1,0,0,0
59,3,0,0,2840.0,6.0,2007.0,1,14.0,2011.0,2015,6,11,24,0,0,0,0,0,0,1,1,0,0,0
14,0,0,0,1300.0,3.0,2014.0,1,40.0,2011.0,2015,4,20,17,0,0,0,0,0,0,0,1,0,0,0
1114,3,1,0,870.0,0.0,0.0,0,0.0,0.0,2015,4,2,14,0,1,0,0,0,0,1,1,0,0,0
104,1,1,0,390.0,6.0,2009.0,0,0.0,0.0,2015,3,17,12,0,1,0,0,0,0,0,1,0,0,0
670,3,1,0,2060.0,0.0,0.0,1,45.0,2009.0,2015,2,5,6,0,1,0,0,0,0,0,1,0,0,0
841,1,1,0,27650.0,8.0,2004.0,0,0.0,0.0,2015,3,3,10,0,1,0,0,0,0,0,1,0,0,0
145,1,0,0,280.0,0.0,0.0,1,45.0,2009.0,2015,6,23,26,0,0,0,0,0,0,0,1,0,0,0
749,5,0,0,3410.0,8.0,2011.0,1,14.0,2015.0,2015,2,21,8,1,0,0,0,0,0,0,1,0,0,0
98,4,0,0,15140.0,12.0,2006.0,1,1.0,2012.0,2015,3,27,13,0,0,0,0,1,0,1,1,0,0,0
385,3,1,0,4580.0,9.0,2007.0,0,0.0,0.0,2015,5,7,19,0,1,0,0,1,0,0,1,0,0,0
386,1,0,0,1460.0,4.0,2014.0,1,31.0,2013.0,2015,2,10,7,0,0,0,0,1,0,1,1,0,0,0
77,1,0,0,1090.0,8.0,2009.0,1,10.0,2014.0,2015,2,24,9,0,0,0,0,1,0,1,1,0,0,0
835,2,1,0,2890.0,12.0,2007.0,1,10.0,2014.0,2015,1,14,3,0,1,0,0,0,0,0,1,0,0,0
621,2,0,0,30.0,7.0,2002.0,0,0.0,0.0,2015,1,21,4,0,0,0,0,0,0,0,1,0,0,0
827,5,0,0,250.0,1.0,2005.0,0,0.0,0.0,2015,1,10,2,1,0,0,0,0,0,1,1,0,0,0
197,2,0,0,4210.0,3.0,2015.0,0,0.0,0.0,2015,7,8,28,0,0,0,1,0,0,0,1,0,0,0
1066,1,0,0,3350.0,0.0,0.0,0,0.0,0.0,2015,3,24,13,0,0,0,0,0,0,0,1,0,0,0
690,0,0,0,100.0,0.0,0.0,0,0.0,0.0,2015,2,9,7,0,0,0,0,0,0,0,1,0,0,0
650,4,0,1,1420.0,10.0,2012.0,1,40.0,2014.0,2015,4,10,15,0,0,0,0,0,0,0,1,0,0,0
411,0,1,0,8460.0,0.0,0.0,0,0.0,0.0,2015,6,15,25,0,1,0,0,1,0,1,1,0,0,0
922,1,0,1,2110.0,3.0,2006.0,0,0.0,0.0,2015,7,7,28,0,0,0,0,1,0,0,1,0,0,0
910,3,1,0,12480.0,0.0,0.0,1,1.0,2013.0,2015,1,15,3,0,1,0,0,1,0,1,1,0,0,0
16,5,0,0,3270.0,0.0,0.0,0,0.0,0.0,2015,5,30,22,1,0,0,0,0,0,1,1,0,0,0
490,2,1,1,660.0,4.0,2013.0,1,40.0,2014.0,2015,4,1,14,0,1,0,0,0,0,0,1,0,0,0
753,2,0,0,540.0,11.0,2012.0,1,35.0,2010.0,2015,6,10,24,0,0,0,0,1,0,1,1,0,0,0
351,1,1,0,5290.0,11.0,2012.0,1,5.0,2013.0,2015,4,28,18,0,1,0,0,0,0,0,1,0,0,0
910,0,0,0,12480.0,0.0,0.0,1,1.0,2013.0,2015,7,6,28,0,0,0,0,1,0,1,1,0,0,0
529,1,0,0,12920.0,9.0,2012.0,0,0.0,0.0,2015,5,12,20,0,0,0,0,1,0,1,1,0,0,0
237,0,1,0,1420.0,11.0,2007.0,0,0.0,0.0,2015,7,13,29,0,1,0,0,0,0,0,1,0,0,0
402,5,0,0,5830.0,9.0,2011.0,1,13.0,2010.0,2015,2,28,9,1,0,0,1,0,0,1,1,0,0,0
754,0,1,0,380.0,5.0,2008.0,1,10.0,2014.0,2015,1,26,5,0,1,0,1,0,0,1,1,0,0,0
1012,0,0,0,6330.0,6.0,2004.0,1,39.0,2010.0,2015,5,11,20,0,0,0,0,1,0,1,1,0,0,0
866,2,0,0,9680.0,0.0,0.0,1,5.0,2013.0,2015,4,22,17,0,0,0,0,1,0,0,1,0,0,0
33,3,1,1,1320.0,5.0,2013.0,0,0.0,0.0,2015,7,16,29,0,1,0,0,0,0,1,1,0,0,0
595,2,0,1,1130.0,6.0,2015.0,0,0.0,0.0,2015,4,8,15,0,0,0,1,0,0,1,1,0,0,0
255,0,1,1,4630.0,3.0,2011.0,1,35.0,2011.0,2015,7,13,29,0,1,0,1,0,0,1,1,0,0,0
1005,5,0,0,6480.0,0.0,0.0,0,0.0,0.0,2015,5,2,18,1,0,0,0,0,0,0,1,0,0,0
1039,2,1,0,70.0,6.0,1990.0,1,22.0,2012.0,2015,1,28,5,0,1,0,0,0,0,1,1,0,0,0
742,0,1,0,4380.0,0.0,0.0,0,0.0,0.0,2015,4,13,16,0,1,0,0,1,0,1,1,0,0,0
714,0,1,1,12070.0,10.0,2005.0,1,10.0,2013.0,2015,3,30,14,0,1,0,0,1,0,1,1,0,0,0
179,0,0,0,480.0,0.0,0.0,0,0.0,0.0,2015,3,9,11,0,0,0,0,0,0,1,1,0,0,0
1044,3,0,0,240.0,4.0,2015.0,1,13.0,2010.0,2015,4,23,17,0,0,0,1,0,0,0,1,0,0,0
613,2,1,0,250.0,6.0,2007.0,1,14.0,2011.0,2015,7,1,27,0,1,0,1,0,0,0,1,0,0,0
214,4,1,0,8650.0,7.0,2013.0,1,10.0,2014.0,2015,5,22,21,0,1,0,0,1,0,0,1,0,0,0
310,2,0,0,2290.0,0.0,0.0,1,10.0,2014.0,2015,2,25,9,0,0,0,0,0,0,1,1,0,0,0
460,3,0,0,34050.0,4.0,2008.0,0,0.0,0.0,2015,3,26,13,0,0,0,0,0,0,0,1,0,0,0
626,2,1,1,10740.0,11.0,2013.0,0,0.0,0.0,2015,7,15,29,0,1,0,1,0,0,1,1,0,0,0
905,5,0,0,90.0,6.0,2014.0,0,0.0,0.0,2015,2,7,6,1,0,0,0,0,0,0,1,0,0,0
408,2,1,1,1560.0,0.0,0.0,1,45.0,2009.0,2015,6,3,23,0,1,0,1,0,0,0,1,0,0,0
801,1,1,1,48330.0,4.0,2013.0,0,0.0,0.0,2015,7,28,31,0,1,0,0,1,0,0,1,0,0,0
35,5,0,0,7660.0,10.0,2000.0,1,1.0,2012.0,2015,1,31,5,1,0,0,0,1,0,1,1,0,0,0
410,5,0,0,40.0,11.0,2011.0,1,22.0,2012.0,2015,4,11,15,1,0,0,1,0,0,0,1,0,0,0
408,4,1,0,1560.0,0.0,0.0,1,45.0,2009.0,2015,6,19,25,0,1,0,1,0,0,0,1,0,0,0
174,2,1,0,13090.0,0.0,0.0,1,22.0,2012.0,2015,3,4,10,0,1,0,0,0,0,0,1,0,0,0
291,2,0,0,2320.0,0.0,0.0,0,0.0,0.0,2015,2,25,9,0,0,0,0,1,0,0,1,0,0,0
862,5,0,0,2840.0,3.0,2010.0,1,14.0,2011.0,2015,6,27,26,1,0,0,0,0,0,1,1,0,0,0
11,2,1,0,960.0,11.0,2011.0,1,1.0,2012.0,2015,7,15,29,0,1,0,0,0,0,1,1,0,0,0
487,5,0,0,2180.0,9.0,2012.0,1,40.0,2012.0,2015,4,25,17,1,0,0,0,1,0,1,1,0,0,0
385,0,0,0,4580.0,9.0,2007.0,0,0.0,0.0,2015,7,6,28,0,0,0,0,1,0,0,1,0,0,0
62,2,0,1,2050.0,0.0,0.0,0,0.0,0.0,2015,7,8,28,0,0,0,0,0,0,0,1,0,0,0
601,5,0,0,8220.0,4.0,2014.0,1,14.0,2011.0,2015,1,24,4,1,0,0,0,1,0,0,1,0,0,0
210,4,0,1,970.0,11.0,1999.0,1,5.0,2013.0,2015,3,27,13,0,0,0,0,1,0,0,1,0,0,0
507,3,1,0,9070.0,4.0,2011.0,1,37.0,2009.0,2015,4,16,16,0,1,0,0,0,0,1,1,0,0,0
674,0,1,0,2640.0,12.0,2005.0,1,31.0,2013.0,2015,1,12,3,0,1,0,0,0,0,0,1,0,0,0
489,2,1,0,14960.0,11.0,2013.0,1,37.0,2009.0,2015,1,14,3,0,1,0,0,0,0,0,1,0,0,0
428,2,0,0,2960.0,12.0,2014.0,1,23.0,2015.0,2015,3,25,13,0,0,0,0,1,0,0,1,0,0,0
831,5,0,0,800.0,6.0,2007.0,0,0.0,0.0,2015,5,2,18,1,0,0,0,0,0,0,1,0,0,0
810,1,1,0,9640.0,11.0,2013.0,0,0.0,0.0,2015,6,16,25,0,1,0,0,1,0,1,1,0,0,0
56,5,0,0,6620.0,3.0,2012.0,1,10.0,2014.0,2015,2,21,8,1,0,0,0,1,0,1,1,0,0,0
590,4,1,0,4520.0,9.0,2010.0,1,31.0,2013.0,2015,1,30,5,0,1,0,0,1,0,1,1,0,0,0
875,0,0,0,5070.0,11.0,2007.0,1,18.0,2015.0,2015,5,11,20,0,0,0,0,1,0,0,1,0,0,0
167,4,1,0,140.0,4.0,2008.0,0,0.0,0.0,2015,4,17,16,0,1,0,0,0,0,0,1,0,0,0
637,2,1,0,9790.0,0.0,0.0,1,31.0,2009.0,2015,5,20,21,0,1,0,0,1,0,1,1,0,0,0
988,4,1,0,30.0,11.0,2012.0,0,0.0,0.0,2015,6,19,25,0,1,0,0,0,0,0,1,0,0,0
1039,4,1,0,70.0,6.0,1990.0,1,22.0,2012.0,2015,6,5,23,0,1,0,0,0,0,1,1,0,0,0
141,1,1,0,1540.0,0.0,0.0,1,22.0,2012.0,2015,6,16,25,0,1,0,1,0,0,1,1,0,0,0
99,0,0,0,2030.0,11.0,2003.0,1,22.0,2012.0,2015,4,20,17,0,0,0,1,0,0,1,1,0,0,0
273,0,0,1,8480.0,0.0,0.0,0,0.0,0.0,2015,7,6,28,0,0,0,0,0,0,1,1,0,0,0
1082,3,0,0,440.0,4.0,2002.0,0,0.0,0.0,2015,4,23,17,0,0,0,1,0,0,0,1,0,0,0
172,1,1,0,110.0,0.0,0.0,1,40.0,2014.0,2015,1,13,3,0,1,0,0,0,0,0,1,0,0,0
160,2,1,1,17110.0,11.0,2005.0,0,0.0,0.0,2015,4,1,14,0,1,0,0,1,0,1,1,0,0,0
360,0,0,0,2040.0,6.0,2007.0,0,0.0,0.0,2015,6,22,26,0,0,0,0,0,0,0,1,0,0,0
1004,3,1,1,970.0,0.0,0.0,1,9.0,2011.0,2015,2,19,8,0,1,0,0,1,0,1,1,0,0,0
650,5,0,0,1420.0,10.0,2012.0,1,40.0,2014.0,2015,6,6,23,1,0,0,0,0,0,0,1,0,0,0
244,3,0,0,710.0,3.0,2012.0,1,1.0,2012.0,2015,3,26,13,0,0,0,0,1,0,0,1,0,0,0
1065,2,1,0,1290.0,0.0,0.0,1,35.0,2011.0,2015,6,17,25,0,1,0,0,0,0,0,1,0,0,0
936,2,1,0,580.0,2.0,2008.0,0,0.0,0.0,2015,3,4,10,0,1,0,0,0,0,0,1,0,0,0
532,1,0,1,1070.0,8.0,2010.0,0,0.0,0.0,2015,7,21,30,0,0,0,0,0,0,1,1,0,0,0
974,1,0,1,150.0,3.0,2011.0,1,40.0,2014.0,2015,5,26,22,0,0,0,0,0,0,0,1,0,0,0
665,1,0,0,90.0,12.0,2012.0,1,14.0,2011.0,2015,7,7,28,0,0,0,0,0,0,0,1,0,0,0
242,0,0,0,6880.0,9.0,2001.0,1,14.0,2011.0,2015,6,22,26,0,0,0,0,1,0,0,1,0,0,0
310,6,0,0,2290.0,0.0,0.0,1,10.0,2014.0,2015,6,14,24,1,0,0,0,0,0,1,1,0,0,0
420,5,0,0,250.0,0.0,0.0,1,27.0,2012.0,2015,6,13,24,1,0,0,0,1,0,1,1,0,0,0
998,3,0,0,780.0,9.0,2005.0,1,5.0,2013.0,2015,3,12,11,0,0,0,0,0,0,0,1,0,0,0
278,3,0,0,9260.0,2.0,2010.0,0,0.0,0.0,2015,2,12,7,0,0,0,0,0,0,1,1,0,0,0
149,4,1,0,2610.0,7.0,2006.0,1,14.0,2011.0,2015,6,19,25,0,1,0,0,1,0,0,1,0,0,0
258,1,1,0,27190.0,7.0,2010.0,1,37.0,2009.0,2015,5,5,19,0,1,0,0,0,0,0,1,0,0,0
382,4,0,0,26130.0,11.0,2002.0,0,0.0,0.0,2015,4,24,17,0,0,0,1,0,0,1,1,0,0,0
240,3,1,0,1110.0,5.0,2009.0,0,0.0,0.0,2015,1,8,2,0,1,0,0,0,0,0,1,0,0,0
466,4,1,1,3110.0,3.0,2003.0,0,0.0,0.0,2015,7,17,29,0,1,0,0,0,0,1,1,0,0,0
924,1,1,1,6420.0,4.0,2011.0,1,1.0,2012.0,2015,1,6,2,0,1,0,0,0,0,0,1,0,0,0
992,0,1,0,2480.0,7.0,1990.0,0,0.0,0.0,2015,6,1,23,0,1,0,0,0,0,0,1,0,0,0
899,1,1,0,2590.0,0.0,0.0,1,13.0,2010.0,2015,5,19,21,0,1,0,0,1,0,0,1,0,0,0
342,4,0,0,15770.0,0.0,0.0,1,40.0,2014.0,2015,5,15,20,0,0,0,0,1,0,1,1,0,0,0
854,5,0,0,4770.0,0.0,0.0,1,13.0,2010.0,2015,6,13,24,1,0,0,1,0,0,0,1,0,0,0
423,2,0,0,1270.0,5.0,2014.0,0,0.0,0.0,2015,6,10,24,0,0,1,0,0,0,0,1,0,0,0
1009,1,0,1,230.0,7.0,2004.0,1,10.0,2014.0,2015,4,7,15,0,0,0,0,0,0,0,1,0,0,0
